year,week,state,suspected,confirmed
2023,23,Abia,0,0
2023,23,Adamawa,0,0
2023,23,Akwa Ibom,0,0
2023,23,Anambra,0,0
2023,23,Bauchi,0,0
2023,23,Bayelsa,0,0
2023,23,Benue,0,0
2023,23,Borno,3,0
2023,23,Cross River,0,0
2023,23,Delta,0,0
2023,23,Ebonyi,0,0
2023,23,Edo,0,0
2023,23,Ekiti,0,0
2023,23,Enugu,3,0
2023,23,Gombe,0,0
2023,23,Imo,0,0
2023,23,Jigawa,0,0
2023,23,Kaduna,0,0
2023,23,Kano,0,0
2023,23,Katsina,0,0
2023,23,Kebbi,0,0
2023,23,Kogi,0,0
2023,23,Kwara,0,0
2023,23,Lagos,0,0
2023,23,Nasarawa,0,0
2023,23,Niger,0,0
2023,23,Ogun,7,0
2023,23,Ondo,2,0
2023,23,Osun,0,0
2023,23,Oyo,0,0
2023,23,Plateau,0,0
2023,23,Rivers,0,0
2023,23,Sokoto,0,0
2023,23,Taraba,0,0
2023,23,Yobe,0,0
2023,23,Zamfara,0,0
2023,23,FCT,0,0
2022,36,Total confirmed cases in Epi Week,36,2022
2022,36,Total Suspected cases in Epi Week,36,2022
2022,36,Abia,0,0
2022,36,Adamawa,0,0
2022,36,Akwa Ibom,0,0
2022,36,Anambra,0,0
2022,36,Bauchi,0,0
2022,36,Bayelsa,0,0
2022,36,Benue,0,0
2022,36,Borno,0,0
2022,36,Cross River,0,0
2022,36,Delta,0,0
2022,36,Ebonyi,0,0
2022,36,Edo,0,0
2022,36,Ekiti,0,0
2022,36,Enugu,0,0
2022,36,Gombe,0,0
2022,36,Imo,0,0
2022,36,Jigawa,0,0
2022,36,Kaduna,0,0
2022,36,Kano,0,0
2022,36,Katsina,0,0
2022,36,Kebbi,0,0
2022,36,Kogi,0,0
2022,36,Kwara,0,0
2022,36,Lagos,0,0
2022,36,Nasarawa,0,0
2022,36,Niger,0,0
2022,36,Ogun,0,0
2022,36,Ondo,0,0
2022,36,Osun,0,0
2022,36,Oyo,0,0
2022,36,Plateau,0,0
2022,36,Rivers,0,0
2022,36,Sokoto,0,0
2022,36,Taraba,0,0
2022,36,Yobe,0,0
2022,36,Zamfara,0,0
2022,36,FCT,0,0
2022,49,Total confirmed cases in Epi Week,49,2022
2022,49,Abia,0,0
2022,49,Adamawa,0,0
2022,49,Akwa Ibom,0,0
2022,49,Anambra,0,0
2022,49,Bauchi,0,0
2022,49,Bayelsa,0,0
2022,49,Benue,0,0
2022,49,Borno,0,0
2022,49,Cross River,0,0
2022,49,Delta,0,0
2022,49,Ebonyi,0,0
2022,49,Edo,0,0
2022,49,Ekiti,0,0
2022,49,Enugu,0,0
2022,49,Gombe,0,0
2022,49,Imo,0,0
2022,49,Jigawa,0,0
2022,49,Kaduna,0,0
2022,49,Kano,0,0
2022,49,Katsina,0,0
2022,49,Kebbi,0,0
2022,49,Kogi,0,0
2022,49,Kwara,0,0
2022,49,Lagos,0,0
2022,49,Nasarawa,0,0
2022,49,Niger,0,0
2022,49,Ogun,0,0
2022,49,Ondo,0,0
2022,49,Osun,0,0
2022,49,Oyo,0,0
2022,49,Plateau,0,0
2022,49,Rivers,0,0
2022,49,Sokoto,0,0
2022,49,Taraba,0,0
2022,49,Yobe,0,0
2022,49,Zamfara,0,0
2022,49,FCT,0,0
2023,6,Abia,2,0
2023,6,Adamawa,0,0
2023,6,Akwa Ibom,0,0
2023,6,Anambra,0,0
2023,6,Bauchi,0,0
2023,6,Bayelsa,0,0
2023,6,Benue,0,0
2023,6,Borno,0,0
2023,6,Cross River,0,0
2023,6,Delta,0,0
2023,6,Ebonyi,0,0
2023,6,Edo,0,0
2023,6,Ekiti,0,0
2023,6,Enugu,0,0
2023,6,Gombe,0,0
2023,6,Imo,0,0
2023,6,Jigawa,0,0
2023,6,Kaduna,0,0
2023,6,Kano,0,0
2023,6,Katsina,0,0
2023,6,Kebbi,0,0
2023,6,Kogi,0,0
2023,6,Kwara,0,0
2023,6,Lagos,9,0
2023,6,Nasarawa,0,0
2023,6,Niger,0,0
2023,6,Ogun,3,0
2023,6,Ondo,0,0
2023,6,Osun,0,0
2023,6,Oyo,0,0
2023,6,Plateau,0,0
2023,6,Rivers,0,0
2023,6,Sokoto,0,0
2023,6,Taraba,0,0
2023,6,Yobe,0,0
2023,6,Zamfara,0,0
2023,6,FCT,2,0
2023,10,Abia,0,0
2023,10,Adamawa,0,0
2023,10,Akwa Ibom,0,0
2023,10,Anambra,0,0
2023,10,Bauchi,0,0
2023,10,Bayelsa,0,0
2023,10,Benue,0,0
2023,10,Borno,0,0
2023,10,Cross River,0,0
2023,10,Delta,0,0
2023,10,Ebonyi,0,0
2023,10,Edo,0,0
2023,10,Ekiti,0,0
2023,10,Enugu,0,0
2023,10,Gombe,0,0
2023,10,Imo,0,0
2023,10,Jigawa,0,0
2023,10,Kaduna,0,0
2023,10,Kano,0,0
2023,10,Katsina,0,0
2023,10,Kebbi,0,0
2023,10,Kogi,0,0
2023,10,Kwara,0,0
2023,10,Lagos,6,0
2023,10,Nasarawa,0,0
2023,10,Niger,0,0
2023,10,Ogun,5,0
2023,10,Ondo,0,0
2023,10,Osun,0,0
2023,10,Oyo,0,0
2023,10,Plateau,0,0
2023,10,Rivers,2,0
2023,10,Sokoto,0,0
2023,10,Taraba,0,0
2023,10,Yobe,0,0
2023,10,Zamfara,0,0
2023,10,FCT,4,0
2022,23,June,12,2022
2022,23,Total confirmed cases in Epi Week,23,2022
2022,23,Abia,0,0
2022,23,Adamawa,0,0
2022,23,Akwa Ibom,0,0
2022,23,Anambra,0,0
2022,23,Bauchi,0,0
2022,23,Bayelsa,0,0
2022,23,Benue,0,0
2022,23,Borno,0,0
2022,23,Cross River,0,0
2022,23,Delta,0,0
2022,23,Ebonyi,0,0
2022,23,Edo,0,0
2022,23,Ekiti,0,0
2022,23,Enugu,0,0
2022,23,Gombe,0,0
2022,23,Imo,0,0
2022,23,Jigawa,0,0
2022,23,Kaduna,0,0
2022,23,Kano,0,0
2022,23,Katsina,0,0
2022,23,Kebbi,0,0
2022,23,Kogi,0,0
2022,23,Kwara,0,0
2022,23,Lagos,0,0
2022,23,Nasarawa,0,0
2022,23,Niger,0,0
2022,23,Ogun,0,0
2022,23,Ondo,0,0
2022,23,Osun,0,0
2022,23,Oyo,0,0
2022,23,Plateau,0,0
2022,23,Rivers,0,0
2022,23,Sokoto,0,0
2022,23,Taraba,0,0
2022,23,Yobe,0,0
2022,23,Zamfara,0,0
2022,23,FCT,0,0
2017,36,Abia,0,0
2017,36,Adamawa,0,0
2017,36,Akwa Ibom,0,0
2017,36,Anambra,0,0
2017,36,Bauchi,0,0
2017,36,Bayelsa,0,0
2017,36,Benue,0,0
2017,36,Borno,0,0
2017,36,Cross River,0,0
2017,36,Delta,0,0
2017,36,Ebonyi,0,0
2017,36,Edo,0,0
2017,36,Ekiti,0,0
2017,36,Enugu,0,0
2017,36,Gombe,0,0
2017,36,Imo,0,0
2017,36,Jigawa,0,0
2017,36,Kaduna,0,0
2017,36,Kano,0,0
2017,36,Katsina,0,0
2017,36,Kebbi,0,0
2017,36,Kogi,0,0
2017,36,Kwara,0,0
2017,36,Lagos,0,0
2017,36,Nasarawa,0,0
2017,36,Niger,0,0
2017,36,Ogun,0,0
2017,36,Ondo,0,0
2017,36,Osun,0,0
2017,36,Oyo,0,0
2017,36,Plateau,0,0
2017,36,Rivers,0,0
2017,36,Sokoto,0,0
2017,36,Taraba,0,0
2017,36,Yobe,0,0
2017,36,Zamfara,0,0
2017,36,FCT,0,0
2023,32,Abia,0,0
2023,32,Adamawa,0,0
2023,32,Akwa Ibom,0,0
2023,32,Anambra,0,0
2023,32,Bauchi,0,0
2023,32,Bayelsa,0,0
2023,32,Benue,0,0
2023,32,Borno,0,0
2023,32,Cross River,0,0
2023,32,Delta,0,0
2023,32,Ebonyi,0,0
2023,32,Edo,0,0
2023,32,Ekiti,0,0
2023,32,Enugu,0,0
2023,32,Gombe,0,0
2023,32,Imo,0,0
2023,32,Jigawa,0,0
2023,32,Kaduna,0,0
2023,32,Kano,0,0
2023,32,Katsina,0,0
2023,32,Kebbi,0,0
2023,32,Kogi,0,0
2023,32,Kwara,0,0
2023,32,Lagos,2,0
2023,32,Nasarawa,0,0
2023,32,Niger,0,0
2023,32,Ogun,4,0
2023,32,Ondo,0,0
2023,32,Osun,0,0
2023,32,Oyo,0,0
2023,32,Plateau,0,0
2023,32,Rivers,1,0
2023,32,Sokoto,0,0
2023,32,Taraba,0,0
2023,32,Yobe,0,0
2023,32,Zamfara,0,0
2023,32,FCT,5,0
2022,45,Total confirmed cases in Epi Week,45,2022
2022,45,Abia,0,0
2022,45,Adamawa,0,0
2022,45,Akwa Ibom,0,0
2022,45,Anambra,0,0
2022,45,Bauchi,0,0
2022,45,Bayelsa,0,0
2022,45,Benue,0,0
2022,45,Borno,0,0
2022,45,Cross River,0,0
2022,45,Delta,0,0
2022,45,Ebonyi,0,0
2022,45,Edo,0,0
2022,45,Ekiti,0,0
2022,45,Enugu,0,0
2022,45,Gombe,0,0
2022,45,Imo,0,0
2022,45,Jigawa,0,0
2022,45,Kaduna,0,0
2022,45,Kano,0,0
2022,45,Katsina,0,0
2022,45,Kebbi,0,0
2022,45,Kogi,0,0
2022,45,Kwara,0,0
2022,45,Lagos,0,0
2022,45,Nasarawa,0,0
2022,45,Niger,0,0
2022,45,Ogun,0,0
2022,45,Ondo,0,0
2022,45,Osun,0,0
2022,45,Oyo,0,0
2022,45,Plateau,0,0
2022,45,Rivers,0,0
2022,45,Sokoto,0,0
2022,45,Taraba,0,0
2022,45,Yobe,0,0
2022,45,Zamfara,0,0
2022,45,FCT,0,0
2023,19,Abia,0,0
2023,19,Adamawa,0,0
2023,19,Akwa Ibom,0,0
2023,19,Anambra,0,0
2023,19,Bauchi,0,0
2023,19,Bayelsa,2,0
2023,19,Benue,0,0
2023,19,Borno,0,0
2023,19,Cross River,0,0
2023,19,Delta,0,0
2023,19,Ebonyi,0,0
2023,19,Edo,0,0
2023,19,Ekiti,0,0
2023,19,Enugu,0,0
2023,19,Gombe,0,0
2023,19,Imo,0,0
2023,19,Jigawa,0,0
2023,19,Kaduna,0,0
2023,19,Kano,0,0
2023,19,Katsina,0,0
2023,19,Kebbi,0,0
2023,19,Kogi,0,0
2023,19,Kwara,0,0
2023,19,Lagos,0,0
2023,19,Nasarawa,0,0
2023,19,Niger,0,0
2023,19,Ogun,15,0
2023,19,Ondo,3,0
2023,19,Osun,0,0
2023,19,Oyo,0,0
2023,19,Plateau,0,0
2023,19,Rivers,0,0
2023,19,Sokoto,0,0
2023,19,Taraba,0,0
2023,19,Yobe,0,0
2023,19,Zamfara,0,0
2023,19,FCT,5,0
2022,32,Total confirmed cases in Epi Week,32,2022
2022,32,Abia,0,0
2022,32,Adamawa,0,0
2022,32,Akwa Ibom,0,0
2022,32,Anambra,0,0
2022,32,Bauchi,0,0
2022,32,Bayelsa,0,0
2022,32,Benue,0,0
2022,32,Borno,0,0
2022,32,Cross River,0,0
2022,32,Delta,0,0
2022,32,Ebonyi,0,0
2022,32,Edo,0,0
2022,32,Ekiti,0,0
2022,32,Enugu,0,0
2022,32,Gombe,0,0
2022,32,Imo,0,0
2022,32,Jigawa,0,0
2022,32,Kaduna,0,0
2022,32,Kano,0,0
2022,32,Katsina,0,0
2022,32,Kebbi,0,0
2022,32,Kogi,0,0
2022,32,Kwara,0,0
2022,32,Lagos,0,0
2022,32,Nasarawa,0,0
2022,32,Niger,0,0
2022,32,Ogun,0,0
2022,32,Ondo,0,0
2022,32,Osun,0,0
2022,32,Oyo,0,0
2022,32,Plateau,0,0
2022,32,Rivers,0,0
2022,32,Sokoto,0,0
2022,32,Taraba,0,0
2022,32,Yobe,0,0
2022,32,Zamfara,0,0
2022,32,FCT,0,0
2023,2,Abia,0,0
2023,2,Adamawa,0,0
2023,2,Akwa Ibom,0,0
2023,2,Anambra,0,0
2023,2,Bauchi,0,0
2023,2,Bayelsa,0,0
2023,2,Benue,0,0
2023,2,Borno,0,0
2023,2,Cross River,0,0
2023,2,Delta,0,0
2023,2,Ebonyi,0,0
2023,2,Edo,0,0
2023,2,Ekiti,0,0
2023,2,Enugu,0,0
2023,2,Gombe,0,0
2023,2,Imo,0,0
2023,2,Jigawa,0,0
2023,2,Kaduna,0,0
2023,2,Kano,0,0
2023,2,Katsina,0,0
2023,2,Kebbi,0,0
2023,2,Kogi,0,0
2023,2,Kwara,8,0
2023,2,Lagos,8,0
2023,2,Nasarawa,0,0
2023,2,Niger,0,0
2023,2,Ogun,0,0
2023,2,Ondo,0,0
2023,2,Osun,0,0
2023,2,Oyo,0,0
2023,2,Plateau,0,0
2023,2,Rivers,3,0
2023,2,Sokoto,0,0
2023,2,Taraba,0,0
2023,2,Yobe,0,0
2023,2,Zamfara,0,0
2023,2,FCT,4,0
2024,36,Abia,0,0
2024,36,Adamawa,0,0
2024,36,Akwa Ibom,0,0
2024,36,Anambra,0,0
2024,36,Bauchi,0,0
2024,36,Bayelsa,0,0
2024,36,Benue,0,0
2024,36,Borno,0,0
2024,36,Cross River,0,0
2024,36,Delta,0,0
2024,36,Ebonyi,0,0
2024,36,Edo,0,0
2024,36,Ekiti,0,0
2024,36,Enugu,0,0
2024,36,Gombe,0,0
2024,36,Imo,0,0
2024,36,Jigawa,0,0
2024,36,Kaduna,0,0
2024,36,Kano,0,0
2024,36,Katsina,0,0
2024,36,Kebbi,0,0
2024,36,Kogi,0,0
2024,36,Kwara,0,0
2024,36,Lagos,0,0
2024,36,Nasarawa,0,0
2024,36,Niger,0,0
2024,36,Ogun,0,0
2024,36,Ondo,0,0
2024,36,Osun,0,0
2024,36,Oyo,0,0
2024,36,Plateau,0,0
2024,36,Rivers,0,0
2024,36,Sokoto,0,0
2024,36,Taraba,0,0
2024,36,Yobe,0,0
2024,36,Zamfara,0,0
2024,36,FCT,0,0
2023,41,Abia,0,0
2023,41,Adamawa,0,0
2023,41,Akwa Ibom,0,0
2023,41,Anambra,0,0
2023,41,Bauchi,0,0
2023,41,Bayelsa,1,0
2023,41,Benue,0,0
2023,41,Borno,0,0
2023,41,Cross River,0,0
2023,41,Delta,0,0
2023,41,Ebonyi,0,0
2023,41,Edo,1,0
2023,41,Ekiti,0,0
2023,41,Enugu,0,0
2023,41,Gombe,0,0
2023,41,Imo,0,0
2023,41,Jigawa,0,0
2023,41,Kaduna,0,0
2023,41,Kano,0,0
2023,41,Katsina,0,0
2023,41,Kebbi,0,0
2023,41,Kogi,0,0
2023,41,Kwara,0,0
2023,41,Lagos,0,0
2023,41,Nasarawa,0,0
2023,41,Niger,0,0
2023,41,Ogun,2,0
2023,41,Ondo,1,0
2023,41,Osun,0,0
2023,41,Oyo,0,0
2023,41,Plateau,0,0
2023,41,Rivers,0,0
2023,41,Sokoto,0,0
2023,41,Taraba,0,0
2023,41,Yobe,0,0
2023,41,Zamfara,0,0
2023,41,FCT,0,0
2023,15,Abia,0,0
2023,15,Adamawa,0,0
2023,15,Akwa Ibom,0,0
2023,15,Anambra,0,0
2023,15,Bauchi,0,0
2023,15,Bayelsa,3,0
2023,15,Benue,0,0
2023,15,Borno,0,0
2023,15,Cross River,0,0
2023,15,Delta,0,0
2023,15,Ebonyi,0,0
2023,15,Edo,0,0
2023,15,Ekiti,0,0
2023,15,Enugu,0,0
2023,15,Gombe,0,0
2023,15,Imo,5,0
2023,15,Jigawa,0,0
2023,15,Kaduna,0,0
2023,15,Kano,0,0
2023,15,Katsina,0,0
2023,15,Kebbi,0,0
2023,15,Kogi,0,0
2023,15,Kwara,0,0
2023,15,Lagos,0,0
2023,15,Nasarawa,3,0
2023,15,Niger,0,0
2023,15,Ogun,3,0
2023,15,Ondo,0,0
2023,15,Osun,0,0
2023,15,Oyo,0,0
2023,15,Plateau,0,0
2023,15,Rivers,0,0
2023,15,Sokoto,0,0
2023,15,Taraba,0,0
2023,15,Yobe,0,0
2023,15,Zamfara,0,0
2023,15,FCT,0,0
2023,28,Abia,0,0
2023,28,Adamawa,0,0
2023,28,Akwa Ibom,0,0
2023,28,Anambra,0,0
2023,28,Bauchi,0,0
2023,28,Bayelsa,0,0
2023,28,Benue,0,0
2023,28,Borno,0,0
2023,28,Cross River,0,0
2023,28,Delta,0,0
2023,28,Ebonyi,0,0
2023,28,Edo,0,0
2023,28,Ekiti,0,0
2023,28,Enugu,3,0
2023,28,Gombe,0,0
2023,28,Imo,0,0
2023,28,Jigawa,0,0
2023,28,Kaduna,0,0
2023,28,Kano,0,0
2023,28,Katsina,0,0
2023,28,Kebbi,1,0
2023,28,Kogi,0,0
2023,28,Kwara,0,0
2023,28,Lagos,2,0
2023,28,Nasarawa,0,0
2023,28,Niger,0,0
2023,28,Ogun,2,0
2023,28,Ondo,0,0
2023,28,Osun,0,0
2023,28,Oyo,0,0
2023,28,Plateau,0,0
2023,28,Rivers,1,0
2023,28,Sokoto,0,0
2023,28,Taraba,0,0
2023,28,Yobe,0,0
2023,28,Zamfara,0,0
2023,28,FCT,0,0
2022,41,Total confirmed cases in Epi Week,41,2022
2022,41,Abia,0,0
2022,41,Adamawa,0,0
2022,41,Akwa Ibom,0,0
2022,41,Anambra,0,0
2022,41,Bauchi,0,0
2022,41,Bayelsa,0,0
2022,41,Benue,0,0
2022,41,Borno,0,0
2022,41,Cross River,0,0
2022,41,Delta,0,0
2022,41,Ebonyi,0,0
2022,41,Edo,0,0
2022,41,Ekiti,0,0
2022,41,Enugu,0,0
2022,41,Gombe,0,0
2022,41,Imo,0,0
2022,41,Jigawa,0,0
2022,41,Kaduna,0,0
2022,41,Kano,0,0
2022,41,Katsina,0,0
2022,41,Kebbi,0,0
2022,41,Kogi,0,0
2022,41,Kwara,0,0
2022,41,Lagos,0,0
2022,41,Nasarawa,0,0
2022,41,Niger,0,0
2022,41,Ogun,0,0
2022,41,Ondo,0,0
2022,41,Osun,0,0
2022,41,Oyo,0,0
2022,41,Plateau,0,0
2022,41,Rivers,0,0
2022,41,Sokoto,0,0
2022,41,Taraba,0,0
2022,41,Yobe,0,0
2022,41,Zamfara,0,0
2022,41,FCT,0,0
2022,28,JULY,17,2022
2022,28,Total confirmed cases in Epi Week,28,2022
2022,28,Abia,0,0
2022,28,Adamawa,0,0
2022,28,Akwa Ibom,0,0
2022,28,Anambra,0,0
2022,28,Bauchi,0,0
2022,28,Bayelsa,0,0
2022,28,Benue,0,0
2022,28,Borno,0,0
2022,28,Cross River,0,0
2022,28,Delta,0,0
2022,28,Ebonyi,0,0
2022,28,Edo,0,0
2022,28,Ekiti,0,0
2022,28,Enugu,0,0
2022,28,Gombe,0,0
2022,28,Imo,0,0
2022,28,Jigawa,0,0
2022,28,Kaduna,0,0
2022,28,Kano,0,0
2022,28,Katsina,0,0
2022,28,Kebbi,0,0
2022,28,Kogi,0,0
2022,28,Kwara,0,0
2022,28,Lagos,0,0
2022,28,Nasarawa,0,0
2022,28,Niger,0,0
2022,28,Ogun,0,0
2022,28,Ondo,0,0
2022,28,Osun,0,0
2022,28,Oyo,0,0
2022,28,Plateau,0,0
2022,28,Rivers,0,0
2022,28,Sokoto,0,0
2022,28,Taraba,0,0
2022,28,Yobe,0,0
2022,28,Zamfara,0,0
2022,28,FCT,0,0
2023,37,Abia,0,0
2023,37,Adamawa,0,0
2023,37,Akwa Ibom,0,0
2023,37,Anambra,0,0
2023,37,Bauchi,0,0
2023,37,Bayelsa,0,0
2023,37,Benue,0,0
2023,37,Borno,0,0
2023,37,Cross River,1,0
2023,37,Delta,1,0
2023,37,Ebonyi,0,0
2023,37,Edo,0,0
2023,37,Ekiti,0,0
2023,37,Enugu,0,0
2023,37,Gombe,0,0
2023,37,Imo,0,0
2023,37,Jigawa,0,0
2023,37,Kaduna,0,0
2023,37,Kano,0,0
2023,37,Katsina,0,0
2023,37,Kebbi,0,0
2023,37,Kogi,0,0
2023,37,Kwara,0,0
2023,37,Lagos,0,0
2023,37,Nasarawa,0,0
2023,37,Niger,0,0
2023,37,Ogun,0,0
2023,37,Ondo,0,0
2023,37,Osun,0,0
2023,37,Oyo,0,0
2023,37,Plateau,0,0
2023,37,Rivers,1,0
2023,37,Sokoto,0,0
2023,37,Taraba,0,0
2023,37,Yobe,0,0
2023,37,Zamfara,0,0
2023,37,FCT,0,0
2023,50,Abia,2,0
2023,50,Adamawa,0,0
2023,50,Akwa Ibom,0,0
2023,50,Anambra,0,0
2023,50,Bauchi,0,0
2023,50,Bayelsa,0,0
2023,50,Benue,0,0
2023,50,Borno,0,0
2023,50,Cross River,0,0
2023,50,Delta,0,0
2023,50,Ebonyi,0,0
2023,50,Edo,1,0
2023,50,Ekiti,2,0
2023,50,Enugu,5,0
2023,50,Gombe,0,0
2023,50,Imo,0,0
2023,50,Jigawa,0,0
2023,50,Kaduna,0,0
2023,50,Kano,0,0
2023,50,Katsina,0,0
2023,50,Kebbi,0,0
2023,50,Kogi,0,0
2023,50,Kwara,0,0
2023,50,Lagos,0,0
2023,50,Nasarawa,0,0
2023,50,Niger,0,0
2023,50,Ogun,5,0
2023,50,Ondo,0,0
2023,50,Osun,0,0
2023,50,Oyo,0,0
2023,50,Plateau,0,0
2023,50,Rivers,0,0
2023,50,Sokoto,0,0
2023,50,Taraba,0,0
2023,50,Yobe,0,0
2023,50,Zamfara,0,0
2023,50,FCT,0,0
2024,29-32,Abia,0,0
2024,29-32,Adamawa,0,0
2024,29-32,Akwa Ibom,0,0
2024,29-32,Anambra,0,0
2024,29-32,Bauchi,0,0
2024,29-32,Bayelsa,0,0
2024,29-32,Benue,0,0
2024,29-32,Borno,0,0
2024,29-32,Cross River,0,0
2024,29-32,Delta,0,0
2024,29-32,Ebonyi,0,0
2024,29-32,Edo,0,0
2024,29-32,Ekiti,0,0
2024,29-32,Enugu,0,0
2024,29-32,Gombe,0,0
2024,29-32,Imo,0,0
2024,29-32,Jigawa,0,0
2024,29-32,Kaduna,0,0
2024,29-32,Kano,0,0
2024,29-32,Katsina,0,0
2024,29-32,Kebbi,0,0
2024,29-32,Kogi,0,0
2024,29-32,Kwara,0,0
2024,29-32,Lagos,0,0
2024,29-32,Nasarawa,0,0
2024,29-32,Niger,0,0
2024,29-32,Ogun,0,0
2024,29-32,Ondo,0,0
2024,29-32,Osun,0,0
2024,29-32,Oyo,0,0
2024,29-32,Plateau,0,0
2024,29-32,Rivers,0,0
2024,29-32,Sokoto,0,0
2024,29-32,Taraba,0,0
2024,29-32,Yobe,0,0
2024,29-32,Zamfara,0,0
2024,29-32,FCT,0,0
2022,37,Total confirmed cases in Epi Week,37,2022
2022,37,Total suspected cases in Epi Week,37,2022
2022,37,Abia,0,0
2022,37,Adamawa,0,0
2022,37,Akwa Ibom,0,0
2022,37,Anambra,0,0
2022,37,Bauchi,0,0
2022,37,Bayelsa,0,0
2022,37,Benue,0,0
2022,37,Borno,0,0
2022,37,Cross River,0,0
2022,37,Delta,0,0
2022,37,Ebonyi,0,0
2022,37,Edo,0,0
2022,37,Ekiti,0,0
2022,37,Enugu,0,0
2022,37,Gombe,0,0
2022,37,Imo,0,0
2022,37,Jigawa,0,0
2022,37,Kaduna,0,0
2022,37,Kano,0,0
2022,37,Katsina,0,0
2022,37,Kebbi,0,0
2022,37,Kogi,0,0
2022,37,Kwara,0,0
2022,37,Lagos,0,0
2022,37,Nasarawa,0,0
2022,37,Niger,0,0
2022,37,Ogun,0,0
2022,37,Ondo,0,0
2022,37,Osun,0,0
2022,37,Oyo,0,0
2022,37,Plateau,0,0
2022,37,Rivers,0,0
2022,37,Sokoto,0,0
2022,37,Taraba,0,0
2022,37,Yobe,0,0
2022,37,Zamfara,0,0
2022,37,FCT,0,0
2022,50,Total confirmed cases in Epi Week,50,2022
2022,50,Abia,0,0
2022,50,Adamawa,0,0
2022,50,Akwa Ibom,0,0
2022,50,Anambra,0,0
2022,50,Bauchi,0,0
2022,50,Bayelsa,0,0
2022,50,Benue,0,0
2022,50,Borno,0,0
2022,50,Cross River,0,0
2022,50,Delta,0,0
2022,50,Ebonyi,0,0
2022,50,Edo,0,0
2022,50,Ekiti,0,0
2022,50,Enugu,0,0
2022,50,Gombe,0,0
2022,50,Imo,0,0
2022,50,Jigawa,0,0
2022,50,Kaduna,0,0
2022,50,Kano,0,0
2022,50,Katsina,0,0
2022,50,Kebbi,0,0
2022,50,Kogi,0,0
2022,50,Kwara,0,0
2022,50,Lagos,0,0
2022,50,Nasarawa,0,0
2022,50,Niger,0,0
2022,50,Ogun,0,0
2022,50,Ondo,0,0
2022,50,Osun,0,0
2022,50,Oyo,0,0
2022,50,Plateau,0,0
2022,50,Rivers,0,0
2022,50,Sokoto,0,0
2022,50,Taraba,0,0
2022,50,Yobe,0,0
2022,50,Zamfara,0,0
2022,50,FCT,0,0
2023,7,Abia,0,0
2023,7,Adamawa,0,0
2023,7,Akwa Ibom,0,0
2023,7,Anambra,0,0
2023,7,Bauchi,0,0
2023,7,Bayelsa,0,0
2023,7,Benue,0,0
2023,7,Borno,0,0
2023,7,Cross River,0,0
2023,7,Delta,0,0
2023,7,Ebonyi,0,0
2023,7,Edo,0,0
2023,7,Ekiti,0,0
2023,7,Enugu,0,0
2023,7,Gombe,0,0
2023,7,Imo,0,0
2023,7,Jigawa,0,0
2023,7,Kaduna,0,0
2023,7,Kano,0,0
2023,7,Katsina,0,0
2023,7,Kebbi,0,0
2023,7,Kogi,0,0
2023,7,Kwara,0,0
2023,7,Lagos,8,0
2023,7,Nasarawa,0,0
2023,7,Niger,0,0
2023,7,Ogun,18,0
2023,7,Ondo,0,0
2023,7,Osun,0,0
2023,7,Oyo,0,0
2023,7,Plateau,7,0
2023,7,Rivers,0,0
2023,7,Sokoto,0,0
2023,7,Taraba,0,0
2023,7,Yobe,0,0
2023,7,Zamfara,0,0
2023,7,FCT,0,0
2023,11,Abia,0,0
2023,11,Adamawa,0,0
2023,11,Akwa Ibom,0,0
2023,11,Anambra,0,0
2023,11,Bauchi,0,0
2023,11,Bayelsa,0,0
2023,11,Benue,0,0
2023,11,Borno,0,0
2023,11,Cross River,3,0
2023,11,Delta,0,0
2023,11,Ebonyi,0,0
2023,11,Edo,0,0
2023,11,Ekiti,0,0
2023,11,Enugu,0,0
2023,11,Gombe,0,0
2023,11,Imo,0,0
2023,11,Jigawa,0,0
2023,11,Kaduna,0,0
2023,11,Kano,0,0
2023,11,Katsina,0,0
2023,11,Kebbi,0,0
2023,11,Kogi,0,0
2023,11,Kwara,0,0
2023,11,Lagos,0,0
2023,11,Nasarawa,0,0
2023,11,Niger,0,0
2023,11,Ogun,5,0
2023,11,Ondo,0,0
2023,11,Osun,0,0
2023,11,Oyo,0,0
2023,11,Plateau,0,0
2023,11,Rivers,0,0
2023,11,Sokoto,0,0
2023,11,Taraba,0,0
2023,11,Yobe,0,0
2023,11,Zamfara,0,0
2023,11,FCT,2,0
2022,24,June,19,2022
2022,24,Total confirmed cases in Epi Week,24,2022
2022,24,Abia,0,0
2022,24,Adamawa,0,0
2022,24,Akwa Ibom,0,0
2022,24,Anambra,0,0
2022,24,Bauchi,0,0
2022,24,Bayelsa,0,0
2022,24,Benue,0,0
2022,24,Borno,0,0
2022,24,Cross River,0,0
2022,24,Delta,0,0
2022,24,Ebonyi,0,0
2022,24,Edo,0,0
2022,24,Ekiti,0,0
2022,24,Enugu,0,0
2022,24,Gombe,0,0
2022,24,Imo,0,0
2022,24,Jigawa,0,0
2022,24,Kaduna,0,0
2022,24,Kano,0,0
2022,24,Katsina,0,0
2022,24,Kebbi,0,0
2022,24,Kogi,0,0
2022,24,Kwara,0,0
2022,24,Lagos,0,0
2022,24,Nasarawa,0,0
2022,24,Niger,0,0
2022,24,Ogun,0,0
2022,24,Ondo,0,0
2022,24,Osun,0,0
2022,24,Oyo,0,0
2022,24,Plateau,0,0
2022,24,Rivers,0,0
2022,24,Sokoto,0,0
2022,24,Taraba,0,0
2022,24,Yobe,0,0
2022,24,Zamfara,0,0
2022,24,FCT,0,0
2017,36,Abia,0,0
2017,36,Adamawa,0,0
2017,36,Akwa Ibom,0,0
2017,36,Anambra,0,0
2017,36,Bauchi,0,0
2017,36,Bayelsa,0,0
2017,36,Benue,0,0
2017,36,Borno,0,0
2017,36,Cross River,0,0
2017,36,Delta,0,0
2017,36,Ebonyi,0,0
2017,36,Edo,0,0
2017,36,Ekiti,0,0
2017,36,Enugu,0,0
2017,36,Gombe,0,0
2017,36,Imo,0,0
2017,36,Jigawa,0,0
2017,36,Kaduna,0,0
2017,36,Kano,0,0
2017,36,Katsina,0,0
2017,36,Kebbi,0,0
2017,36,Kogi,0,0
2017,36,Kwara,0,0
2017,36,Lagos,0,0
2017,36,Nasarawa,0,0
2017,36,Niger,0,0
2017,36,Ogun,0,0
2017,36,Ondo,0,0
2017,36,Osun,0,0
2017,36,Oyo,0,0
2017,36,Plateau,0,0
2017,36,Rivers,0,0
2017,36,Sokoto,0,0
2017,36,Taraba,0,0
2017,36,Yobe,0,0
2017,36,Zamfara,0,0
2017,36,FCT,0,0
2023,46,Abia,0,0
2023,46,Adamawa,0,0
2023,46,Akwa Ibom,0,0
2023,46,Anambra,0,0
2023,46,Bauchi,0,0
2023,46,Bayelsa,0,0
2023,46,Benue,0,0
2023,46,Borno,0,0
2023,46,Cross River,0,0
2023,46,Delta,0,0
2023,46,Ebonyi,0,0
2023,46,Edo,0,0
2023,46,Ekiti,4,0
2023,46,Enugu,0,0
2023,46,Gombe,0,0
2023,46,Imo,0,0
2023,46,Jigawa,0,0
2023,46,Kaduna,0,0
2023,46,Kano,0,0
2023,46,Katsina,0,0
2023,46,Kebbi,0,0
2023,46,Kogi,0,0
2023,46,Kwara,0,0
2023,46,Lagos,0,0
2023,46,Nasarawa,0,0
2023,46,Niger,0,0
2023,46,Ogun,2,0
2023,46,Ondo,2,0
2023,46,Osun,0,0
2023,46,Oyo,0,0
2023,46,Plateau,0,0
2023,46,Rivers,3,0
2023,46,Sokoto,0,0
2023,46,Taraba,0,0
2023,46,Yobe,0,0
2023,46,Zamfara,0,0
2023,46,FCT,0,0
2017,36,Abia,0,0
2017,36,Adamawa,0,0
2017,36,Akwa Ibom,0,0
2017,36,Anambra,0,0
2017,36,Bauchi,0,0
2017,36,Bayelsa,0,0
2017,36,Benue,0,0
2017,36,Borno,0,0
2017,36,Cross River,0,0
2017,36,Delta,0,0
2017,36,Ebonyi,0,0
2017,36,Edo,0,0
2017,36,Ekiti,0,0
2017,36,Enugu,0,0
2017,36,Gombe,0,0
2017,36,Imo,0,0
2017,36,Jigawa,0,0
2017,36,Kaduna,0,0
2017,36,Kano,0,0
2017,36,Katsina,0,0
2017,36,Kebbi,0,0
2017,36,Kogi,0,0
2017,36,Kwara,0,0
2017,36,Lagos,0,0
2017,36,Nasarawa,0,0
2017,36,Niger,0,0
2017,36,Ogun,0,0
2017,36,Ondo,0,0
2017,36,Osun,0,0
2017,36,Oyo,0,0
2017,36,Plateau,0,0
2017,36,Rivers,0,0
2017,36,Sokoto,0,0
2017,36,Taraba,0,0
2017,36,Yobe,0,0
2017,36,Zamfara,0,0
2017,36,FCT,0,0
2023,33,Abia,0,0
2023,33,Adamawa,0,0
2023,33,Akwa Ibom,0,0
2023,33,Anambra,0,0
2023,33,Bauchi,0,0
2023,33,Bayelsa,0,0
2023,33,Benue,0,0
2023,33,Borno,0,0
2023,33,Cross River,0,0
2023,33,Delta,1,0
2023,33,Ebonyi,0,0
2023,33,Edo,0,0
2023,33,Ekiti,0,0
2023,33,Enugu,0,0
2023,33,Gombe,0,0
2023,33,Imo,0,0
2023,33,Jigawa,0,0
2023,33,Kaduna,0,0
2023,33,Kano,0,0
2023,33,Katsina,0,0
2023,33,Kebbi,0,0
2023,33,Kogi,0,0
2023,33,Kwara,1,0
2023,33,Lagos,3,0
2023,33,Nasarawa,1,0
2023,33,Niger,0,0
2023,33,Ogun,0,0
2023,33,Ondo,0,0
2023,33,Osun,0,0
2023,33,Oyo,1,0
2023,33,Plateau,0,0
2023,33,Rivers,0,0
2023,33,Sokoto,0,0
2023,33,Taraba,0,0
2023,33,Yobe,0,0
2023,33,Zamfara,0,0
2023,33,FCT,0,0
2024,41,Abia,0,0
2024,41,Adamawa,0,0
2024,41,Akwa Ibom,0,0
2024,41,Anambra,0,0
2024,41,Bauchi,0,0
2024,41,Bayelsa,0,0
2024,41,Benue,0,0
2024,41,Borno,0,0
2024,41,Cross River,0,0
2024,41,Delta,0,0
2024,41,Ebonyi,0,0
2024,41,Edo,0,0
2024,41,Ekiti,0,0
2024,41,Enugu,0,0
2024,41,Gombe,0,0
2024,41,Imo,0,0
2024,41,Jigawa,0,0
2024,41,Kaduna,0,0
2024,41,Kano,0,0
2024,41,Katsina,0,0
2024,41,Kebbi,0,0
2024,41,Kogi,0,0
2024,41,Kwara,0,0
2024,41,Lagos,0,0
2024,41,Nasarawa,0,0
2024,41,Niger,0,0
2024,41,Ogun,0,0
2024,41,Ondo,0,0
2024,41,Osun,0,0
2024,41,Oyo,0,0
2024,41,Plateau,0,0
2024,41,Rivers,0,0
2024,41,Sokoto,0,0
2024,41,Taraba,0,0
2024,41,Yobe,0,0
2024,41,Zamfara,0,0
2024,41,FCT,0,0
2022,46,Total confirmed cases in Epi Week,46,2022
2022,46,Abia,0,0
2022,46,Adamawa,0,0
2022,46,Akwa Ibom,0,0
2022,46,Anambra,0,0
2022,46,Bauchi,0,0
2022,46,Bayelsa,0,0
2022,46,Benue,0,0
2022,46,Borno,0,0
2022,46,Cross River,0,0
2022,46,Delta,0,0
2022,46,Ebonyi,0,0
2022,46,Edo,0,0
2022,46,Ekiti,0,0
2022,46,Enugu,0,0
2022,46,Gombe,0,0
2022,46,Imo,0,0
2022,46,Jigawa,0,0
2022,46,Kaduna,0,0
2022,46,Kano,0,0
2022,46,Katsina,0,0
2022,46,Kebbi,0,0
2022,46,Kogi,0,0
2022,46,Kwara,0,0
2022,46,Lagos,0,0
2022,46,Nasarawa,0,0
2022,46,Niger,0,0
2022,46,Ogun,0,0
2022,46,Ondo,0,0
2022,46,Osun,0,0
2022,46,Oyo,0,0
2022,46,Plateau,0,0
2022,46,Rivers,0,0
2022,46,Sokoto,0,0
2022,46,Taraba,0,0
2022,46,Yobe,0,0
2022,46,Zamfara,0,0
2022,46,FCT,0,0
2023,20,Abia,0,0
2023,20,Adamawa,0,0
2023,20,Akwa Ibom,0,0
2023,20,Anambra,0,0
2023,20,Bauchi,0,0
2023,20,Bayelsa,0,0
2023,20,Benue,0,0
2023,20,Borno,0,0
2023,20,Cross River,0,0
2023,20,Delta,0,0
2023,20,Ebonyi,0,0
2023,20,Edo,0,0
2023,20,Ekiti,0,0
2023,20,Enugu,2,0
2023,20,Gombe,0,0
2023,20,Imo,3,0
2023,20,Jigawa,0,0
2023,20,Kaduna,0,0
2023,20,Kano,0,0
2023,20,Katsina,0,0
2023,20,Kebbi,0,0
2023,20,Kogi,0,0
2023,20,Kwara,0,0
2023,20,Lagos,0,0
2023,20,Nasarawa,0,0
2023,20,Niger,0,0
2023,20,Ogun,0,0
2023,20,Ondo,3,0
2023,20,Osun,0,0
2023,20,Oyo,0,0
2023,20,Plateau,0,0
2023,20,Rivers,0,0
2023,20,Sokoto,0,0
2023,20,Taraba,0,0
2023,20,Yobe,0,0
2023,20,Zamfara,0,0
2023,20,FCT,2,0
2022,33,Total confirmed cases in Epi Week,33,2022
2022,33,Abia,0,0
2022,33,Adamawa,0,0
2022,33,Akwa Ibom,0,0
2022,33,Anambra,0,0
2022,33,Bauchi,0,0
2022,33,Bayelsa,0,0
2022,33,Benue,0,0
2022,33,Borno,0,0
2022,33,Cross River,0,0
2022,33,Delta,0,0
2022,33,Ebonyi,0,0
2022,33,Edo,0,0
2022,33,Ekiti,0,0
2022,33,Enugu,0,0
2022,33,Gombe,0,0
2022,33,Imo,0,0
2022,33,Jigawa,0,0
2022,33,Kaduna,0,0
2022,33,Kano,0,0
2022,33,Katsina,0,0
2022,33,Kebbi,0,0
2022,33,Kogi,0,0
2022,33,Kwara,0,0
2022,33,Lagos,0,0
2022,33,Nasarawa,0,0
2022,33,Niger,0,0
2022,33,Ogun,0,0
2022,33,Ondo,0,0
2022,33,Osun,0,0
2022,33,Oyo,0,0
2022,33,Plateau,0,0
2022,33,Rivers,0,0
2022,33,Sokoto,0,0
2022,33,Taraba,0,0
2022,33,Yobe,0,0
2022,33,Zamfara,0,0
2022,33,FCT,0,0
2023,3,January,22,2023
2023,3,Abia,0,0
2023,3,Adamawa,0,0
2023,3,Akwa Ibom,0,0
2023,3,Anambra,0,0
2023,3,Bauchi,0,0
2023,3,Bayelsa,0,0
2023,3,Benue,0,0
2023,3,Borno,0,0
2023,3,Cross River,0,0
2023,3,Delta,0,0
2023,3,Ebonyi,0,0
2023,3,Edo,0,0
2023,3,Ekiti,0,0
2023,3,Enugu,0,0
2023,3,Gombe,0,0
2023,3,Imo,0,0
2023,3,Jigawa,0,0
2023,3,Kaduna,0,0
2023,3,Kano,0,0
2023,3,Katsina,0,0
2023,3,Kebbi,0,0
2023,3,Kogi,0,0
2023,3,Kwara,0,0
2023,3,Lagos,0,0
2023,3,Nasarawa,0,0
2023,3,Niger,0,0
2023,3,Ogun,0,0
2023,3,Ondo,0,0
2023,3,Osun,0,0
2023,3,Oyo,0,0
2023,3,Plateau,0,0
2023,3,Rivers,0,0
2023,3,Sokoto,0,0
2023,3,Taraba,0,0
2023,3,Yobe,0,0
2023,3,Zamfara,0,0
2023,3,FCT,0,0
2024,37,Abia,0,0
2024,37,Adamawa,0,0
2024,37,Akwa Ibom,0,0
2024,37,Anambra,0,0
2024,37,Bauchi,0,0
2024,37,Bayelsa,0,0
2024,37,Benue,0,0
2024,37,Borno,0,0
2024,37,Cross River,0,0
2024,37,Delta,0,0
2024,37,Ebonyi,0,0
2024,37,Edo,0,0
2024,37,Ekiti,0,0
2024,37,Enugu,0,0
2024,37,Gombe,0,0
2024,37,Imo,0,0
2024,37,Jigawa,0,0
2024,37,Kaduna,0,0
2024,37,Kano,0,0
2024,37,Katsina,0,0
2024,37,Kebbi,0,0
2024,37,Kogi,0,0
2024,37,Kwara,0,0
2024,37,Lagos,0,0
2024,37,Nasarawa,0,0
2024,37,Niger,0,0
2024,37,Ogun,0,0
2024,37,Ondo,0,0
2024,37,Osun,0,0
2024,37,Oyo,0,0
2024,37,Plateau,0,0
2024,37,Rivers,0,0
2024,37,Sokoto,0,0
2024,37,Taraba,0,0
2024,37,Yobe,0,0
2024,37,Zamfara,0,0
2024,37,FCT,0,0
2023,42,Abia,0,0
2023,42,Adamawa,0,0
2023,42,Akwa Ibom,0,0
2023,42,Anambra,0,0
2023,42,Bauchi,0,0
2023,42,Bayelsa,0,0
2023,42,Benue,0,0
2023,42,Borno,0,0
2023,42,Cross River,0,0
2023,42,Delta,0,0
2023,42,Ebonyi,0,0
2023,42,Edo,0,0
2023,42,Ekiti,0,0
2023,42,Enugu,0,0
2023,42,Gombe,0,0
2023,42,Imo,0,0
2023,42,Jigawa,1,0
2023,42,Kaduna,0,0
2023,42,Kano,0,0
2023,42,Katsina,0,0
2023,42,Kebbi,0,0
2023,42,Kogi,0,0
2023,42,Kwara,0,0
2023,42,Lagos,3,0
2023,42,Nasarawa,0,0
2023,42,Niger,0,0
2023,42,Ogun,0,0
2023,42,Ondo,0,0
2023,42,Osun,0,0
2023,42,Oyo,0,0
2023,42,Plateau,12,0
2023,42,Rivers,0,0
2023,42,Sokoto,1,0
2023,42,Taraba,0,0
2023,42,Yobe,0,0
2023,42,Zamfara,0,0
2023,42,FCT,0,0
2023,16,Abia,0,0
2023,16,Adamawa,6,0
2023,16,Akwa Ibom,0,0
2023,16,Anambra,0,0
2023,16,Bauchi,0,0
2023,16,Bayelsa,0,0
2023,16,Benue,0,0
2023,16,Borno,0,0
2023,16,Cross River,0,0
2023,16,Delta,0,0
2023,16,Ebonyi,0,0
2023,16,Edo,0,0
2023,16,Ekiti,0,0
2023,16,Enugu,0,0
2023,16,Gombe,0,0
2023,16,Imo,0,0
2023,16,Jigawa,0,0
2023,16,Kaduna,0,0
2023,16,Kano,0,0
2023,16,Katsina,3,0
2023,16,Kebbi,0,0
2023,16,Kogi,0,0
2023,16,Kwara,0,0
2023,16,Lagos,4,0
2023,16,Nasarawa,0,0
2023,16,Niger,0,0
2023,16,Ogun,5,0
2023,16,Ondo,0,0
2023,16,Osun,0,0
2023,16,Oyo,0,0
2023,16,Plateau,0,0
2023,16,Rivers,0,0
2023,16,Sokoto,0,0
2023,16,Taraba,0,0
2023,16,Yobe,0,0
2023,16,Zamfara,0,0
2023,16,FCT,0,0
2024,21-24,June,16,2024
2024,21-24,Abia,0,0
2024,21-24,Adamawa,0,0
2024,21-24,Akwa Ibom,0,0
2024,21-24,Anambra,0,0
2024,21-24,Bauchi,0,0
2024,21-24,Bayelsa,0,0
2024,21-24,Benue,0,0
2024,21-24,Borno,0,0
2024,21-24,Cross River,0,0
2024,21-24,Delta,0,0
2024,21-24,Ebonyi,0,0
2024,21-24,Edo,0,0
2024,21-24,Ekiti,0,0
2024,21-24,Enugu,0,0
2024,21-24,Gombe,0,0
2024,21-24,Imo,0,0
2024,21-24,Jigawa,0,0
2024,21-24,Kaduna,0,0
2024,21-24,Kano,0,0
2024,21-24,Katsina,0,0
2024,21-24,Kebbi,0,0
2024,21-24,Kogi,0,0
2024,21-24,Kwara,0,0
2024,21-24,Lagos,0,0
2024,21-24,Nasarawa,0,0
2024,21-24,Niger,0,0
2024,21-24,Ogun,0,0
2024,21-24,Ondo,0,0
2024,21-24,Osun,0,0
2024,21-24,Oyo,0,0
2024,21-24,Plateau,0,0
2024,21-24,Rivers,0,0
2024,21-24,Sokoto,0,0
2024,21-24,Taraba,0,0
2024,21-24,Yobe,0,0
2024,21-24,Zamfara,0,0
2024,21-24,FCT,0,0
2018,32,Abia,0,0
2018,32,Adamawa,0,0
2018,32,Akwa Ibom,0,0
2018,32,Anambra,0,0
2018,32,Bauchi,0,0
2018,32,Bayelsa,0,0
2018,32,Benue,0,0
2018,32,Borno,0,0
2018,32,Cross River,0,0
2018,32,Delta,0,0
2018,32,Ebonyi,0,0
2018,32,Edo,0,0
2018,32,Ekiti,0,0
2018,32,Enugu,0,0
2018,32,Gombe,0,0
2018,32,Imo,0,0
2018,32,Jigawa,0,0
2018,32,Kaduna,0,0
2018,32,Kano,0,0
2018,32,Katsina,0,0
2018,32,Kebbi,0,0
2018,32,Kogi,0,0
2018,32,Kwara,0,0
2018,32,Lagos,0,0
2018,32,Nasarawa,0,0
2018,32,Niger,0,0
2018,32,Ogun,0,0
2018,32,Ondo,0,0
2018,32,Osun,0,0
2018,32,Oyo,0,0
2018,32,Plateau,0,0
2018,32,Rivers,0,0
2018,32,Sokoto,0,0
2018,32,Taraba,0,0
2018,32,Yobe,0,0
2018,32,Zamfara,0,0
2018,32,FCT,0,0
2022,42,Total confirmed cases in Epi Week,42,2022
2022,42,Abia,0,0
2022,42,Adamawa,0,0
2022,42,Akwa Ibom,0,0
2022,42,Anambra,0,0
2022,42,Bauchi,0,0
2022,42,Bayelsa,0,0
2022,42,Benue,0,0
2022,42,Borno,0,0
2022,42,Cross River,0,0
2022,42,Delta,0,0
2022,42,Ebonyi,0,0
2022,42,Edo,0,0
2022,42,Ekiti,0,0
2022,42,Enugu,0,0
2022,42,Gombe,0,0
2022,42,Imo,0,0
2022,42,Jigawa,0,0
2022,42,Kaduna,0,0
2022,42,Kano,0,0
2022,42,Katsina,0,0
2022,42,Kebbi,0,0
2022,42,Kogi,0,0
2022,42,Kwara,0,0
2022,42,Lagos,0,0
2022,42,Nasarawa,0,0
2022,42,Niger,0,0
2022,42,Ogun,0,0
2022,42,Ondo,0,0
2022,42,Osun,0,0
2022,42,Oyo,0,0
2022,42,Plateau,0,0
2022,42,Rivers,0,0
2022,42,Sokoto,0,0
2022,42,Taraba,0,0
2022,42,Yobe,0,0
2022,42,Zamfara,0,0
2022,42,FCT,0,0
2018,2018,Abia,0,0
2018,2018,Adamawa,0,0
2018,2018,Akwa Ibom,0,0
2018,2018,Anambra,0,0
2018,2018,Bauchi,0,0
2018,2018,Bayelsa,0,0
2018,2018,Benue,0,0
2018,2018,Borno,0,0
2018,2018,Cross River,0,0
2018,2018,Delta,0,0
2018,2018,Ebonyi,0,0
2018,2018,Edo,0,0
2018,2018,Ekiti,0,0
2018,2018,Enugu,0,0
2018,2018,Gombe,0,0
2018,2018,Imo,0,0
2018,2018,Jigawa,0,0
2018,2018,Kaduna,0,0
2018,2018,Kano,0,0
2018,2018,Katsina,0,0
2018,2018,Kebbi,0,0
2018,2018,Kogi,0,0
2018,2018,Kwara,0,0
2018,2018,Lagos,0,0
2018,2018,Nasarawa,0,0
2018,2018,Niger,0,0
2018,2018,Ogun,0,0
2018,2018,Ondo,0,0
2018,2018,Osun,0,0
2018,2018,Oyo,0,0
2018,2018,Plateau,0,0
2018,2018,Rivers,0,0
2018,2018,Sokoto,0,0
2018,2018,Taraba,0,0
2018,2018,Yobe,0,0
2018,2018,Zamfara,0,0
2018,2018,FCT,0,0
2018,,Abia,0,0
2018,,Adamawa,0,0
2018,,Akwa Ibom,0,0
2018,,Anambra,0,0
2018,,Bauchi,0,0
2018,,Bayelsa,0,0
2018,,Benue,0,0
2018,,Borno,0,0
2018,,Cross River,0,0
2018,,Delta,0,0
2018,,Ebonyi,0,0
2018,,Edo,0,0
2018,,Ekiti,0,0
2018,,Enugu,0,0
2018,,Gombe,0,0
2018,,Imo,0,0
2018,,Jigawa,0,0
2018,,Kaduna,0,0
2018,,Kano,0,0
2018,,Katsina,0,0
2018,,Kebbi,0,0
2018,,Kogi,0,0
2018,,Kwara,0,0
2018,,Lagos,0,0
2018,,Nasarawa,0,0
2018,,Niger,0,0
2018,,Ogun,0,0
2018,,Ondo,0,0
2018,,Osun,0,0
2018,,Oyo,0,0
2018,,Plateau,0,0
2018,,Rivers,0,0
2018,,Sokoto,0,0
2018,,Taraba,0,0
2018,,Yobe,0,0
2018,,Zamfara,0,0
2018,,FCT,0,0
2022,29,JULY,24,2022
2022,29,Total confirmed cases in Epi Week,29,2022
2022,29,Abia,0,0
2022,29,Adamawa,0,0
2022,29,Akwa Ibom,0,0
2022,29,Anambra,0,0
2022,29,Bauchi,0,0
2022,29,Bayelsa,0,0
2022,29,Benue,0,0
2022,29,Borno,0,0
2022,29,Cross River,0,0
2022,29,Delta,0,0
2022,29,Ebonyi,0,0
2022,29,Edo,0,0
2022,29,Ekiti,0,0
2022,29,Enugu,0,0
2022,29,Gombe,0,0
2022,29,Imo,0,0
2022,29,Jigawa,0,0
2022,29,Kaduna,0,0
2022,29,Kano,0,0
2022,29,Katsina,0,0
2022,29,Kebbi,0,0
2022,29,Kogi,0,0
2022,29,Kwara,0,0
2022,29,Lagos,0,0
2022,29,Nasarawa,0,0
2022,29,Niger,0,0
2022,29,Ogun,0,0
2022,29,Ondo,0,0
2022,29,Osun,0,0
2022,29,Oyo,0,0
2022,29,Plateau,0,0
2022,29,Rivers,0,0
2022,29,Sokoto,0,0
2022,29,Taraba,0,0
2022,29,Yobe,0,0
2022,29,Zamfara,0,0
2022,29,FCT,0,0
2023,38,Abia,0,0
2023,38,Adamawa,0,0
2023,38,Akwa Ibom,0,0
2023,38,Anambra,0,0
2023,38,Bauchi,0,0
2023,38,Bayelsa,0,0
2023,38,Benue,0,0
2023,38,Borno,0,0
2023,38,Cross River,0,0
2023,38,Delta,0,0
2023,38,Ebonyi,0,0
2023,38,Edo,0,0
2023,38,Ekiti,0,0
2023,38,Enugu,0,0
2023,38,Gombe,1,0
2023,38,Imo,0,0
2023,38,Jigawa,0,0
2023,38,Kaduna,0,0
2023,38,Kano,0,0
2023,38,Katsina,0,0
2023,38,Kebbi,0,0
2023,38,Kogi,0,0
2023,38,Kwara,0,0
2023,38,Lagos,1,0
2023,38,Nasarawa,0,0
2023,38,Niger,0,0
2023,38,Ogun,7,0
2023,38,Ondo,0,0
2023,38,Osun,0,0
2023,38,Oyo,0,0
2023,38,Plateau,2,0
2023,38,Rivers,0,0
2023,38,Sokoto,0,0
2023,38,Taraba,0,0
2023,38,Yobe,0,0
2023,38,Zamfara,0,0
2023,38,FCT,0,0
2023,51,Abia,0,0
2023,51,Adamawa,0,0
2023,51,Akwa Ibom,0,0
2023,51,Anambra,0,0
2023,51,Bauchi,0,0
2023,51,Bayelsa,0,0
2023,51,Benue,0,0
2023,51,Borno,0,0
2023,51,Cross River,0,0
2023,51,Delta,1,0
2023,51,Ebonyi,0,0
2023,51,Edo,2,0
2023,51,Ekiti,0,0
2023,51,Enugu,1,0
2023,51,Gombe,0,0
2023,51,Imo,0,0
2023,51,Jigawa,0,0
2023,51,Kaduna,0,0
2023,51,Kano,0,0
2023,51,Katsina,0,0
2023,51,Kebbi,0,0
2023,51,Kogi,0,0
2023,51,Kwara,0,0
2023,51,Lagos,0,0
2023,51,Nasarawa,1,0
2023,51,Niger,0,0
2023,51,Ogun,0,0
2023,51,Ondo,0,0
2023,51,Osun,0,0
2023,51,Oyo,0,0
2023,51,Plateau,0,0
2023,51,Rivers,0,0
2023,51,Sokoto,0,0
2023,51,Taraba,0,0
2023,51,Yobe,0,0
2023,51,Zamfara,0,0
2023,51,FCT,0,0
2023,25,Abia,1,0
2023,25,Adamawa,0,0
2023,25,Akwa Ibom,0,0
2023,25,Anambra,0,0
2023,25,Bauchi,0,0
2023,25,Bayelsa,2,0
2023,25,Benue,0,0
2023,25,Borno,0,0
2023,25,Cross River,0,0
2023,25,Delta,0,0
2023,25,Ebonyi,0,0
2023,25,Edo,0,0
2023,25,Ekiti,0,0
2023,25,Enugu,0,0
2023,25,Gombe,0,0
2023,25,Imo,2,0
2023,25,Jigawa,0,0
2023,25,Kaduna,0,0
2023,25,Kano,0,0
2023,25,Katsina,0,0
2023,25,Kebbi,0,0
2023,25,Kogi,0,0
2023,25,Kwara,0,0
2023,25,Lagos,0,0
2023,25,Nasarawa,0,0
2023,25,Niger,0,0
2023,25,Ogun,4,0
2023,25,Ondo,1,0
2023,25,Osun,0,0
2023,25,Oyo,0,0
2023,25,Plateau,0,0
2023,25,Rivers,0,0
2023,25,Sokoto,0,0
2023,25,Taraba,0,0
2023,25,Yobe,0,0
2023,25,Zamfara,0,0
2023,25,FCT,0,0
2024,33,Abia,0,0
2024,33,Adamawa,0,0
2024,33,Akwa Ibom,0,0
2024,33,Anambra,0,0
2024,33,Bauchi,0,0
2024,33,Bayelsa,0,0
2024,33,Benue,0,0
2024,33,Borno,0,0
2024,33,Cross River,0,0
2024,33,Delta,0,0
2024,33,Ebonyi,0,0
2024,33,Edo,0,0
2024,33,Ekiti,0,0
2024,33,Enugu,0,0
2024,33,Gombe,0,0
2024,33,Imo,0,0
2024,33,Jigawa,0,0
2024,33,Kaduna,0,0
2024,33,Kano,0,0
2024,33,Katsina,0,0
2024,33,Kebbi,0,0
2024,33,Kogi,0,0
2024,33,Kwara,0,0
2024,33,Lagos,0,0
2024,33,Nasarawa,0,0
2024,33,Niger,0,0
2024,33,Ogun,0,0
2024,33,Ondo,0,0
2024,33,Osun,0,0
2024,33,Oyo,0,0
2024,33,Plateau,0,0
2024,33,Rivers,0,0
2024,33,Sokoto,0,0
2024,33,Taraba,0,0
2024,33,Yobe,0,0
2024,33,Zamfara,0,0
2024,33,FCT,0,0
2018,,SEPTEMBER,15,2018
2018,,Abia,0,0
2018,,Adamawa,0,0
2018,,Akwa Ibom,0,0
2018,,Anambra,0,0
2018,,Bauchi,0,0
2018,,Bayelsa,0,0
2018,,Benue,0,0
2018,,Borno,0,0
2018,,Cross River,0,0
2018,,Delta,0,0
2018,,Ebonyi,0,0
2018,,Edo,0,0
2018,,Ekiti,0,0
2018,,Enugu,0,0
2018,,Gombe,0,0
2018,,Imo,0,0
2018,,Jigawa,0,0
2018,,Kaduna,0,0
2018,,Kano,0,0
2018,,Katsina,0,0
2018,,Kebbi,0,0
2018,,Kogi,0,0
2018,,Kwara,0,0
2018,,Lagos,0,0
2018,,Nasarawa,0,0
2018,,Niger,0,0
2018,,Ogun,0,0
2018,,Ondo,0,0
2018,,Osun,0,0
2018,,Oyo,0,0
2018,,Plateau,0,0
2018,,Rivers,0,0
2018,,Sokoto,0,0
2018,,Taraba,0,0
2018,,Yobe,0,0
2018,,Zamfara,0,0
2018,,FCT,0,0
2022,38,Total confirmed cases in Epi Week,38,2022
2022,38,Total suspected cases in Epi Week,38,2022
2022,38,Abia,0,0
2022,38,Adamawa,0,0
2022,38,Akwa Ibom,0,0
2022,38,Anambra,0,0
2022,38,Bauchi,0,0
2022,38,Bayelsa,0,0
2022,38,Benue,0,0
2022,38,Borno,0,0
2022,38,Cross River,0,0
2022,38,Delta,0,0
2022,38,Ebonyi,0,0
2022,38,Edo,0,0
2022,38,Ekiti,0,0
2022,38,Enugu,0,0
2022,38,Gombe,0,0
2022,38,Imo,0,0
2022,38,Jigawa,0,0
2022,38,Kaduna,0,0
2022,38,Kano,0,0
2022,38,Katsina,0,0
2022,38,Kebbi,0,0
2022,38,Kogi,0,0
2022,38,Kwara,0,0
2022,38,Lagos,0,0
2022,38,Nasarawa,0,0
2022,38,Niger,0,0
2022,38,Ogun,0,0
2022,38,Ondo,0,0
2022,38,Osun,0,0
2022,38,Oyo,0,0
2022,38,Plateau,0,0
2022,38,Rivers,0,0
2022,38,Sokoto,0,0
2022,38,Taraba,0,0
2022,38,Yobe,0,0
2022,38,Zamfara,0,0
2022,38,FCT,0,0
2022,51,Total confirmed cases in Epi Week,51,2022
2022,51,Abia,0,0
2022,51,Adamawa,0,0
2022,51,Akwa Ibom,0,0
2022,51,Anambra,0,0
2022,51,Bauchi,0,0
2022,51,Bayelsa,0,0
2022,51,Benue,0,0
2022,51,Borno,0,0
2022,51,Cross River,0,0
2022,51,Delta,0,0
2022,51,Ebonyi,0,0
2022,51,Edo,0,0
2022,51,Ekiti,0,0
2022,51,Enugu,0,0
2022,51,Gombe,0,0
2022,51,Imo,0,0
2022,51,Jigawa,0,0
2022,51,Kaduna,0,0
2022,51,Kano,0,0
2022,51,Katsina,0,0
2022,51,Kebbi,0,0
2022,51,Kogi,0,0
2022,51,Kwara,0,0
2022,51,Lagos,0,0
2022,51,Nasarawa,0,0
2022,51,Niger,0,0
2022,51,Ogun,0,0
2022,51,Ondo,0,0
2022,51,Osun,0,0
2022,51,Oyo,0,0
2022,51,Plateau,0,0
2022,51,Rivers,0,0
2022,51,Sokoto,0,0
2022,51,Taraba,0,0
2022,51,Yobe,0,0
2022,51,Zamfara,0,0
2022,51,FCT,0,0
2023,8,Abia,0,0
2023,8,Adamawa,0,0
2023,8,Akwa Ibom,0,0
2023,8,Anambra,0,0
2023,8,Bauchi,0,0
2023,8,Bayelsa,0,0
2023,8,Benue,0,0
2023,8,Borno,0,0
2023,8,Cross River,0,0
2023,8,Delta,0,0
2023,8,Ebonyi,0,0
2023,8,Edo,0,0
2023,8,Ekiti,0,0
2023,8,Enugu,0,0
2023,8,Gombe,0,0
2023,8,Imo,0,0
2023,8,Jigawa,0,0
2023,8,Kaduna,7,0
2023,8,Kano,0,0
2023,8,Katsina,0,0
2023,8,Kebbi,0,0
2023,8,Kogi,0,0
2023,8,Kwara,0,0
2023,8,Lagos,2,0
2023,8,Nasarawa,0,0
2023,8,Niger,0,0
2023,8,Ogun,0,0
2023,8,Ondo,0,0
2023,8,Osun,0,0
2023,8,Oyo,4,0
2023,8,Plateau,0,0
2023,8,Rivers,0,0
2023,8,Sokoto,0,0
2023,8,Taraba,0,0
2023,8,Yobe,0,0
2023,8,Zamfara,0,0
2023,8,FCT,2,0
2023,12,Abia,3,0
2023,12,Adamawa,0,0
2023,12,Akwa Ibom,0,0
2023,12,Anambra,0,0
2023,12,Bauchi,0,0
2023,12,Bayelsa,0,0
2023,12,Benue,0,0
2023,12,Borno,0,0
2023,12,Cross River,0,0
2023,12,Delta,0,0
2023,12,Ebonyi,0,0
2023,12,Edo,0,0
2023,12,Ekiti,0,0
2023,12,Enugu,0,0
2023,12,Gombe,0,0
2023,12,Imo,4,0
2023,12,Jigawa,0,0
2023,12,Kaduna,0,0
2023,12,Kano,0,0
2023,12,Katsina,0,0
2023,12,Kebbi,0,0
2023,12,Kogi,0,0
2023,12,Kwara,0,0
2023,12,Lagos,0,0
2023,12,Nasarawa,0,0
2023,12,Niger,0,0
2023,12,Ogun,7,0
2023,12,Ondo,0,0
2023,12,Osun,0,0
2023,12,Oyo,5,0
2023,12,Plateau,0,0
2023,12,Rivers,0,0
2023,12,Sokoto,0,0
2023,12,Taraba,0,0
2023,12,Yobe,0,0
2023,12,Zamfara,0,0
2023,12,FCT,0,0
2024,17-20,Abia,0,0
2024,17-20,Adamawa,0,0
2024,17-20,Akwa Ibom,0,0
2024,17-20,Anambra,0,0
2024,17-20,Bauchi,0,0
2024,17-20,Bayelsa,0,0
2024,17-20,Benue,0,0
2024,17-20,Borno,0,0
2024,17-20,Cross River,0,0
2024,17-20,Delta,0,0
2024,17-20,Ebonyi,0,0
2024,17-20,Edo,0,0
2024,17-20,Ekiti,0,0
2024,17-20,Enugu,0,0
2024,17-20,Gombe,0,0
2024,17-20,Imo,0,0
2024,17-20,Jigawa,0,0
2024,17-20,Kaduna,0,0
2024,17-20,Kano,0,0
2024,17-20,Katsina,0,0
2024,17-20,Kebbi,0,0
2024,17-20,Kogi,0,0
2024,17-20,Kwara,0,0
2024,17-20,Lagos,0,0
2024,17-20,Nasarawa,0,0
2024,17-20,Niger,0,0
2024,17-20,Ogun,0,0
2024,17-20,Ondo,0,0
2024,17-20,Osun,0,0
2024,17-20,Oyo,0,0
2024,17-20,Plateau,0,0
2024,17-20,Rivers,0,0
2024,17-20,Sokoto,0,0
2024,17-20,Taraba,0,0
2024,17-20,Yobe,0,0
2024,17-20,Zamfara,0,0
2024,17-20,FCT,0,0
2022,25,June,26,2022
2022,25,Total confirmed cases in Epi Week,25,2022
2022,25,Abia,0,0
2022,25,Adamawa,0,0
2022,25,Akwa Ibom,0,0
2022,25,Anambra,0,0
2022,25,Bauchi,0,0
2022,25,Bayelsa,0,0
2022,25,Benue,0,0
2022,25,Borno,0,0
2022,25,Cross River,0,0
2022,25,Delta,0,0
2022,25,Ebonyi,0,0
2022,25,Edo,0,0
2022,25,Ekiti,0,0
2022,25,Enugu,0,0
2022,25,Gombe,0,0
2022,25,Imo,0,0
2022,25,Jigawa,0,0
2022,25,Kaduna,0,0
2022,25,Kano,0,0
2022,25,Katsina,0,0
2022,25,Kebbi,0,0
2022,25,Kogi,0,0
2022,25,Kwara,0,0
2022,25,Lagos,0,0
2022,25,Nasarawa,0,0
2022,25,Niger,0,0
2022,25,Ogun,0,0
2022,25,Ondo,0,0
2022,25,Osun,0,0
2022,25,Oyo,0,0
2022,25,Plateau,0,0
2022,25,Rivers,0,0
2022,25,Sokoto,0,0
2022,25,Taraba,0,0
2022,25,Yobe,0,0
2022,25,Zamfara,0,0
2022,25,FCT,0,0
2017,,Abia,0,0
2017,,Adamawa,0,0
2017,,Akwa Ibom,0,0
2017,,Anambra,0,0
2017,,Bauchi,0,0
2017,,Bayelsa,0,0
2017,,Benue,0,0
2017,,Borno,0,0
2017,,Cross River,0,0
2017,,Delta,0,0
2017,,Ebonyi,0,0
2017,,Edo,0,0
2017,,Ekiti,0,0
2017,,Enugu,0,0
2017,,Gombe,0,0
2017,,Imo,0,0
2017,,Jigawa,0,0
2017,,Kaduna,0,0
2017,,Kano,0,0
2017,,Katsina,0,0
2017,,Kebbi,0,0
2017,,Kogi,0,0
2017,,Kwara,0,0
2017,,Lagos,0,0
2017,,Nasarawa,0,0
2017,,Niger,0,0
2017,,Ogun,0,0
2017,,Ondo,0,0
2017,,Osun,0,0
2017,,Oyo,0,0
2017,,Plateau,0,0
2017,,Rivers,0,0
2017,,Sokoto,0,0
2017,,Taraba,0,0
2017,,Yobe,0,0
2017,,Zamfara,0,0
2017,,FCT,0,0
2023,47,Abia,0,0
2023,47,Adamawa,0,0
2023,47,Akwa Ibom,3,0
2023,47,Anambra,0,0
2023,47,Bauchi,0,0
2023,47,Bayelsa,0,0
2023,47,Benue,0,0
2023,47,Borno,0,0
2023,47,Cross River,0,0
2023,47,Delta,0,0
2023,47,Ebonyi,0,0
2023,47,Edo,0,0
2023,47,Ekiti,0,0
2023,47,Enugu,0,0
2023,47,Gombe,2,0
2023,47,Imo,0,0
2023,47,Jigawa,0,0
2023,47,Kaduna,0,0
2023,47,Kano,0,0
2023,47,Katsina,0,0
2023,47,Kebbi,0,0
2023,47,Kogi,0,0
2023,47,Kwara,0,0
2023,47,Lagos,6,0
2023,47,Nasarawa,0,0
2023,47,Niger,0,0
2023,47,Ogun,7,0
2023,47,Ondo,0,0
2023,47,Osun,0,0
2023,47,Oyo,0,0
2023,47,Plateau,0,0
2023,47,Rivers,0,0
2023,47,Sokoto,0,0
2023,47,Taraba,0,0
2023,47,Yobe,0,0
2023,47,Zamfara,0,0
2023,47,FCT,0,0
2023,34,Abia,0,0
2023,34,Adamawa,0,0
2023,34,Akwa Ibom,2,0
2023,34,Anambra,0,0
2023,34,Bauchi,0,0
2023,34,Bayelsa,0,0
2023,34,Benue,0,0
2023,34,Borno,0,0
2023,34,Cross River,0,0
2023,34,Delta,0,0
2023,34,Ebonyi,0,0
2023,34,Edo,0,0
2023,34,Ekiti,0,0
2023,34,Enugu,0,0
2023,34,Gombe,0,0
2023,34,Imo,0,0
2023,34,Jigawa,0,0
2023,34,Kaduna,0,0
2023,34,Kano,0,0
2023,34,Katsina,0,0
2023,34,Kebbi,0,0
2023,34,Kogi,0,0
2023,34,Kwara,0,0
2023,34,Lagos,0,0
2023,34,Nasarawa,1,0
2023,34,Niger,0,0
2023,34,Ogun,5,0
2023,34,Ondo,2,0
2023,34,Osun,0,0
2023,34,Oyo,0,0
2023,34,Plateau,0,0
2023,34,Rivers,0,0
2023,34,Sokoto,0,0
2023,34,Taraba,0,0
2023,34,Yobe,0,0
2023,34,Zamfara,0,0
2023,34,FCT,0,0
2021,38,Abia,0,0
2021,38,Adamawa,0,0
2021,38,Akwa Ibom,0,0
2021,38,Anambra,0,0
2021,38,Bauchi,0,0
2021,38,Bayelsa,0,0
2021,38,Benue,0,0
2021,38,Borno,0,0
2021,38,Cross River,0,0
2021,38,Delta,0,0
2021,38,Ebonyi,0,0
2021,38,Edo,0,0
2021,38,Ekiti,0,0
2021,38,Enugu,0,0
2021,38,Gombe,0,0
2021,38,Imo,0,0
2021,38,Jigawa,0,0
2021,38,Kaduna,0,0
2021,38,Kano,0,0
2021,38,Katsina,0,0
2021,38,Kebbi,0,0
2021,38,Kogi,0,0
2021,38,Kwara,0,0
2021,38,Lagos,0,0
2021,38,Nasarawa,0,0
2021,38,Niger,0,0
2021,38,Ogun,0,0
2021,38,Ondo,0,0
2021,38,Osun,0,0
2021,38,Oyo,0,0
2021,38,Plateau,0,0
2021,38,Rivers,0,0
2021,38,Sokoto,0,0
2021,38,Taraba,0,0
2021,38,Yobe,0,0
2021,38,Zamfara,0,0
2021,38,FCT,0,0
2024,42,Abia,0,0
2024,42,Adamawa,0,0
2024,42,Akwa Ibom,0,0
2024,42,Anambra,0,0
2024,42,Bauchi,0,0
2024,42,Bayelsa,0,0
2024,42,Benue,0,0
2024,42,Borno,0,0
2024,42,Cross River,0,0
2024,42,Delta,0,0
2024,42,Ebonyi,0,0
2024,42,Edo,0,0
2024,42,Ekiti,0,0
2024,42,Enugu,0,0
2024,42,Gombe,0,0
2024,42,Imo,0,0
2024,42,Jigawa,0,0
2024,42,Kaduna,0,0
2024,42,Kano,0,0
2024,42,Katsina,0,0
2024,42,Kebbi,0,0
2024,42,Kogi,0,0
2024,42,Kwara,0,0
2024,42,Lagos,0,0
2024,42,Nasarawa,0,0
2024,42,Niger,0,0
2024,42,Ogun,0,0
2024,42,Ondo,0,0
2024,42,Osun,0,0
2024,42,Oyo,0,0
2024,42,Plateau,0,0
2024,42,Rivers,0,0
2024,42,Sokoto,0,0
2024,42,Taraba,0,0
2024,42,Yobe,0,0
2024,42,Zamfara,0,0
2024,42,FCT,0,0
2022,47,Total confirmed cases in Epi Week,47,2022
2022,47,Abia,0,0
2022,47,Adamawa,0,0
2022,47,Akwa Ibom,0,0
2022,47,Anambra,0,0
2022,47,Bauchi,0,0
2022,47,Bayelsa,0,0
2022,47,Benue,0,0
2022,47,Borno,0,0
2022,47,Cross River,0,0
2022,47,Delta,0,0
2022,47,Ebonyi,0,0
2022,47,Edo,0,0
2022,47,Ekiti,0,0
2022,47,Enugu,0,0
2022,47,Gombe,0,0
2022,47,Imo,0,0
2022,47,Jigawa,0,0
2022,47,Kaduna,0,0
2022,47,Kano,0,0
2022,47,Katsina,0,0
2022,47,Kebbi,0,0
2022,47,Kogi,0,0
2022,47,Kwara,0,0
2022,47,Lagos,0,0
2022,47,Nasarawa,0,0
2022,47,Niger,0,0
2022,47,Ogun,0,0
2022,47,Ondo,0,0
2022,47,Osun,0,0
2022,47,Oyo,0,0
2022,47,Plateau,0,0
2022,47,Rivers,0,0
2022,47,Sokoto,0,0
2022,47,Taraba,0,0
2022,47,Yobe,0,0
2022,47,Zamfara,0,0
2022,47,FCT,0,0
2024,13-16,Abia,0,0
2024,13-16,Adamawa,0,0
2024,13-16,Akwa Ibom,0,0
2024,13-16,Anambra,0,0
2024,13-16,Bauchi,0,0
2024,13-16,Bayelsa,0,0
2024,13-16,Benue,0,0
2024,13-16,Borno,0,0
2024,13-16,Cross River,0,0
2024,13-16,Delta,0,0
2024,13-16,Ebonyi,0,0
2024,13-16,Edo,0,0
2024,13-16,Ekiti,0,0
2024,13-16,Enugu,0,0
2024,13-16,Gombe,0,0
2024,13-16,Imo,0,0
2024,13-16,Jigawa,0,0
2024,13-16,Kaduna,0,0
2024,13-16,Kano,0,0
2024,13-16,Katsina,0,0
2024,13-16,Kebbi,0,0
2024,13-16,Kogi,0,0
2024,13-16,Kwara,0,0
2024,13-16,Lagos,0,0
2024,13-16,Nasarawa,0,0
2024,13-16,Niger,0,0
2024,13-16,Ogun,0,0
2024,13-16,Ondo,0,0
2024,13-16,Osun,0,0
2024,13-16,Oyo,0,0
2024,13-16,Plateau,0,0
2024,13-16,Rivers,0,0
2024,13-16,Sokoto,0,0
2024,13-16,Taraba,0,0
2024,13-16,Yobe,0,0
2024,13-16,Zamfara,0,0
2024,13-16,FCT,0,0
2023,21,Abia,1,0
2023,21,Adamawa,0,0
2023,21,Akwa Ibom,2,0
2023,21,Anambra,0,0
2023,21,Bauchi,0,0
2023,21,Bayelsa,0,0
2023,21,Benue,0,0
2023,21,Borno,0,0
2023,21,Cross River,0,0
2023,21,Delta,0,0
2023,21,Ebonyi,0,0
2023,21,Edo,0,0
2023,21,Ekiti,0,0
2023,21,Enugu,6,0
2023,21,Gombe,0,0
2023,21,Imo,0,0
2023,21,Jigawa,0,0
2023,21,Kaduna,0,0
2023,21,Kano,0,0
2023,21,Katsina,0,0
2023,21,Kebbi,0,0
2023,21,Kogi,0,0
2023,21,Kwara,0,0
2023,21,Lagos,0,0
2023,21,Nasarawa,0,0
2023,21,Niger,0,0
2023,21,Ogun,5,0
2023,21,Ondo,0,0
2023,21,Osun,0,0
2023,21,Oyo,0,0
2023,21,Plateau,0,0
2023,21,Rivers,0,0
2023,21,Sokoto,0,0
2023,21,Taraba,0,0
2023,21,Yobe,0,0
2023,21,Zamfara,0,0
2023,21,FCT,0,0
2022,34,Total confirmed cases in Epi Week,34,2022
2022,34,Abia,0,0
2022,34,Adamawa,0,0
2022,34,Akwa Ibom,0,0
2022,34,Anambra,0,0
2022,34,Bauchi,0,0
2022,34,Bayelsa,0,0
2022,34,Benue,0,0
2022,34,Borno,0,0
2022,34,Cross River,0,0
2022,34,Delta,0,0
2022,34,Ebonyi,0,0
2022,34,Edo,0,0
2022,34,Ekiti,0,0
2022,34,Enugu,0,0
2022,34,Gombe,0,0
2022,34,Imo,0,0
2022,34,Jigawa,0,0
2022,34,Kaduna,0,0
2022,34,Kano,0,0
2022,34,Katsina,0,0
2022,34,Kebbi,0,0
2022,34,Kogi,0,0
2022,34,Kwara,0,0
2022,34,Lagos,0,0
2022,34,Nasarawa,0,0
2022,34,Niger,0,0
2022,34,Ogun,0,0
2022,34,Ondo,0,0
2022,34,Osun,0,0
2022,34,Oyo,0,0
2022,34,Plateau,0,0
2022,34,Rivers,0,0
2022,34,Sokoto,0,0
2022,34,Taraba,0,0
2022,34,Yobe,0,0
2022,34,Zamfara,0,0
2022,34,FCT,0,0
2023,4,Abia,0,0
2023,4,Adamawa,0,0
2023,4,Akwa Ibom,0,0
2023,4,Anambra,0,0
2023,4,Bauchi,0,0
2023,4,Bayelsa,0,0
2023,4,Benue,0,0
2023,4,Borno,0,0
2023,4,Cross River,0,0
2023,4,Delta,0,0
2023,4,Ebonyi,0,0
2023,4,Edo,0,0
2023,4,Ekiti,0,0
2023,4,Enugu,0,0
2023,4,Gombe,0,0
2023,4,Imo,0,0
2023,4,Jigawa,0,0
2023,4,Kaduna,0,0
2023,4,Kano,0,0
2023,4,Katsina,0,0
2023,4,Kebbi,0,0
2023,4,Kogi,0,0
2023,4,Kwara,0,0
2023,4,Lagos,16,0
2023,4,Nasarawa,6,0
2023,4,Niger,0,0
2023,4,Ogun,0,0
2023,4,Ondo,0,0
2023,4,Osun,0,0
2023,4,Oyo,0,0
2023,4,Plateau,5,0
2023,4,Rivers,0,0
2023,4,Sokoto,0,0
2023,4,Taraba,0,0
2023,4,Yobe,0,0
2023,4,Zamfara,0,0
2023,4,FCT,0,0
2022,08,Abia,0,0
2022,08,Adamawa,0,0
2022,08,Akwa Ibom,0,0
2022,08,Anambra,0,0
2022,08,Bauchi,0,0
2022,08,Bayelsa,0,0
2022,08,Benue,0,0
2022,08,Borno,0,0
2022,08,Cross River,0,0
2022,08,Delta,0,0
2022,08,Ebonyi,0,0
2022,08,Edo,0,0
2022,08,Ekiti,0,0
2022,08,Enugu,0,0
2022,08,Gombe,0,0
2022,08,Imo,0,0
2022,08,Jigawa,0,0
2022,08,Kaduna,0,0
2022,08,Kano,0,0
2022,08,Katsina,0,0
2022,08,Kebbi,0,0
2022,08,Kogi,0,0
2022,08,Kwara,0,0
2022,08,Lagos,0,0
2022,08,Nasarawa,0,0
2022,08,Niger,0,0
2022,08,Ogun,0,0
2022,08,Ondo,0,0
2022,08,Osun,0,0
2022,08,Oyo,0,0
2022,08,Plateau,0,0
2022,08,Rivers,0,0
2022,08,Sokoto,0,0
2022,08,Taraba,0,0
2022,08,Yobe,0,0
2022,08,Zamfara,0,0
2022,08,FCT,0,0
2022,21,Abia,0,0
2022,21,Adamawa,0,0
2022,21,Akwa Ibom,0,0
2022,21,Anambra,0,0
2022,21,Bauchi,0,0
2022,21,Bayelsa,0,0
2022,21,Benue,0,0
2022,21,Borno,0,0
2022,21,Cross River,0,0
2022,21,Delta,0,0
2022,21,Ebonyi,0,0
2022,21,Edo,0,0
2022,21,Ekiti,0,0
2022,21,Enugu,0,0
2022,21,Gombe,0,0
2022,21,Imo,0,0
2022,21,Jigawa,0,0
2022,21,Kaduna,0,0
2022,21,Kano,0,0
2022,21,Katsina,0,0
2022,21,Kebbi,0,0
2022,21,Kogi,0,0
2022,21,Kwara,0,0
2022,21,Lagos,0,0
2022,21,Nasarawa,0,0
2022,21,Niger,0,0
2022,21,Ogun,0,0
2022,21,Ondo,0,0
2022,21,Osun,0,0
2022,21,Oyo,0,0
2022,21,Plateau,0,0
2022,21,Rivers,0,0
2022,21,Sokoto,0,0
2022,21,Taraba,0,0
2022,21,Yobe,0,0
2022,21,Zamfara,0,0
2022,21,FCT,0,0
2024,38,Abia,0,0
2024,38,Adamawa,0,0
2024,38,Akwa Ibom,0,0
2024,38,Anambra,0,0
2024,38,Bauchi,0,0
2024,38,Bayelsa,0,0
2024,38,Benue,0,0
2024,38,Borno,0,0
2024,38,Cross River,0,0
2024,38,Delta,0,0
2024,38,Ebonyi,0,0
2024,38,Edo,0,0
2024,38,Ekiti,0,0
2024,38,Enugu,0,0
2024,38,Gombe,0,0
2024,38,Imo,0,0
2024,38,Jigawa,0,0
2024,38,Kaduna,0,0
2024,38,Kano,0,0
2024,38,Katsina,0,0
2024,38,Kebbi,0,0
2024,38,Kogi,0,0
2024,38,Kwara,0,0
2024,38,Lagos,0,0
2024,38,Nasarawa,0,0
2024,38,Niger,0,0
2024,38,Ogun,0,0
2024,38,Ondo,0,0
2024,38,Osun,0,0
2024,38,Oyo,0,0
2024,38,Plateau,0,0
2024,38,Rivers,0,0
2024,38,Sokoto,0,0
2024,38,Taraba,0,0
2024,38,Yobe,0,0
2024,38,Zamfara,0,0
2024,38,FCT,0,0
2017,,Abia,0,0
2017,,Adamawa,0,0
2017,,Akwa Ibom,0,0
2017,,Anambra,0,0
2017,,Bauchi,0,0
2017,,Bayelsa,0,0
2017,,Benue,0,0
2017,,Borno,0,0
2017,,Cross River,0,0
2017,,Delta,0,0
2017,,Ebonyi,0,0
2017,,Edo,0,0
2017,,Ekiti,0,0
2017,,Enugu,0,0
2017,,Gombe,0,0
2017,,Imo,0,0
2017,,Jigawa,0,0
2017,,Kaduna,0,0
2017,,Kano,0,0
2017,,Katsina,0,0
2017,,Kebbi,0,0
2017,,Kogi,0,0
2017,,Kwara,0,0
2017,,Lagos,0,0
2017,,Nasarawa,0,0
2017,,Niger,0,0
2017,,Ogun,0,0
2017,,Ondo,0,0
2017,,Osun,0,0
2017,,Oyo,0,0
2017,,Plateau,0,0
2017,,Rivers,0,0
2017,,Sokoto,0,0
2017,,Taraba,0,0
2017,,Yobe,0,0
2017,,Zamfara,0,0
2017,,FCT,0,0
2023,43,Abia,0,0
2023,43,Adamawa,0,0
2023,43,Akwa Ibom,0,0
2023,43,Anambra,0,0
2023,43,Bauchi,0,0
2023,43,Bayelsa,0,0
2023,43,Benue,0,0
2023,43,Borno,0,0
2023,43,Cross River,0,0
2023,43,Delta,0,0
2023,43,Ebonyi,0,0
2023,43,Edo,0,0
2023,43,Ekiti,0,0
2023,43,Enugu,0,0
2023,43,Gombe,0,0
2023,43,Imo,0,0
2023,43,Jigawa,0,0
2023,43,Kaduna,0,0
2023,43,Kano,0,0
2023,43,Katsina,0,0
2023,43,Kebbi,0,0
2023,43,Kogi,0,0
2023,43,Kwara,0,0
2023,43,Lagos,5,0
2023,43,Nasarawa,0,0
2023,43,Niger,0,0
2023,43,Ogun,3,0
2023,43,Ondo,0,0
2023,43,Osun,0,0
2023,43,Oyo,1,0
2023,43,Plateau,0,0
2023,43,Rivers,0,0
2023,43,Sokoto,0,0
2023,43,Taraba,0,0
2023,43,Yobe,0,0
2023,43,Zamfara,0,0
2023,43,FCT,0,0
2017,36,Distribution  of Monkeypox Cases in Nigeria as at November,17,2017
2017,36,Abia,0,0
2017,36,Adamawa,0,0
2017,36,Akwa Ibom,0,0
2017,36,Anambra,0,0
2017,36,Bauchi,0,0
2017,36,Bayelsa,0,0
2017,36,Benue,0,0
2017,36,Borno,0,0
2017,36,Cross River,0,0
2017,36,Delta,0,0
2017,36,Ebonyi,0,0
2017,36,Edo,0,0
2017,36,Ekiti,0,0
2017,36,Enugu,0,0
2017,36,Gombe,0,0
2017,36,Imo,0,0
2017,36,Jigawa,0,0
2017,36,Kaduna,0,0
2017,36,Kano,0,0
2017,36,Katsina,0,0
2017,36,Kebbi,0,0
2017,36,Kogi,0,0
2017,36,Kwara,0,0
2017,36,Lagos,0,0
2017,36,Nasarawa,0,0
2017,36,Niger,0,0
2017,36,Ogun,0,0
2017,36,Ondo,0,0
2017,36,Osun,0,0
2017,36,Oyo,0,0
2017,36,Plateau,0,0
2017,36,Rivers,0,0
2017,36,Sokoto,0,0
2017,36,Taraba,0,0
2017,36,Yobe,0,0
2017,36,Zamfara,0,0
2017,36,FCT,0,0
2023,17,Abia,0,0
2023,17,Adamawa,0,0
2023,17,Akwa Ibom,0,0
2023,17,Anambra,0,0
2023,17,Bauchi,0,0
2023,17,Bayelsa,4,0
2023,17,Benue,0,0
2023,17,Borno,0,0
2023,17,Cross River,0,0
2023,17,Delta,3,0
2023,17,Ebonyi,0,0
2023,17,Edo,0,0
2023,17,Ekiti,0,0
2023,17,Enugu,0,0
2023,17,Gombe,0,0
2023,17,Imo,5,0
2023,17,Jigawa,0,0
2023,17,Kaduna,0,0
2023,17,Kano,0,0
2023,17,Katsina,0,0
2023,17,Kebbi,0,0
2023,17,Kogi,0,0
2023,17,Kwara,0,0
2023,17,Lagos,0,0
2023,17,Nasarawa,0,0
2023,17,Niger,0,0
2023,17,Ogun,6,0
2023,17,Ondo,0,0
2023,17,Osun,0,0
2023,17,Oyo,0,0
2023,17,Plateau,0,0
2023,17,Rivers,0,0
2023,17,Sokoto,0,0
2023,17,Taraba,0,0
2023,17,Yobe,0,0
2023,17,Zamfara,0,0
2023,17,FCT,0,0
2021,34,Abia,0,0
2021,34,Adamawa,0,0
2021,34,Akwa Ibom,0,0
2021,34,Anambra,0,0
2021,34,Bauchi,0,0
2021,34,Bayelsa,0,0
2021,34,Benue,0,0
2021,34,Borno,0,0
2021,34,Cross River,0,0
2021,34,Delta,0,0
2021,34,Ebonyi,0,0
2021,34,Edo,0,0
2021,34,Ekiti,0,0
2021,34,Enugu,0,0
2021,34,Gombe,0,0
2021,34,Imo,0,0
2021,34,Jigawa,0,0
2021,34,Kaduna,0,0
2021,34,Kano,0,0
2021,34,Katsina,0,0
2021,34,Kebbi,0,0
2021,34,Kogi,0,0
2021,34,Kwara,0,0
2021,34,Lagos,0,0
2021,34,Nasarawa,0,0
2021,34,Niger,0,0
2021,34,Ogun,0,0
2021,34,Ondo,0,0
2021,34,Osun,0,0
2021,34,Oyo,0,0
2021,34,Plateau,0,0
2021,34,Rivers,0,0
2021,34,Sokoto,0,0
2021,34,Taraba,0,0
2021,34,Yobe,0,0
2021,34,Zamfara,0,0
2021,34,FCT,0,0
2021,47,Abia,0,0
2021,47,Adamawa,0,0
2021,47,Akwa Ibom,0,0
2021,47,Anambra,0,0
2021,47,Bauchi,0,0
2021,47,Bayelsa,0,0
2021,47,Benue,0,0
2021,47,Borno,0,0
2021,47,Cross River,0,0
2021,47,Delta,0,0
2021,47,Ebonyi,0,0
2021,47,Edo,0,0
2021,47,Ekiti,0,0
2021,47,Enugu,0,0
2021,47,Gombe,0,0
2021,47,Imo,0,0
2021,47,Jigawa,0,0
2021,47,Kaduna,0,0
2021,47,Kano,0,0
2021,47,Katsina,0,0
2021,47,Kebbi,0,0
2021,47,Kogi,0,0
2021,47,Kwara,0,0
2021,47,Lagos,0,0
2021,47,Nasarawa,0,0
2021,47,Niger,0,0
2021,47,Ogun,0,0
2021,47,Ondo,0,0
2021,47,Osun,0,0
2021,47,Oyo,0,0
2021,47,Plateau,0,0
2021,47,Rivers,0,0
2021,47,Sokoto,0,0
2021,47,Taraba,0,0
2021,47,Yobe,0,0
2021,47,Zamfara,0,0
2021,47,FCT,0,0
2024,9-12,Abia,0,0
2024,9-12,Adamawa,0,0
2024,9-12,Akwa Ibom,0,0
2024,9-12,Anambra,0,0
2024,9-12,Bauchi,0,0
2024,9-12,Bayelsa,0,0
2024,9-12,Benue,0,0
2024,9-12,Borno,0,0
2024,9-12,Cross River,0,0
2024,9-12,Delta,0,0
2024,9-12,Ebonyi,0,0
2024,9-12,Edo,0,0
2024,9-12,Ekiti,0,0
2024,9-12,Enugu,0,0
2024,9-12,Gombe,0,0
2024,9-12,Imo,0,0
2024,9-12,Jigawa,0,0
2024,9-12,Kaduna,0,0
2024,9-12,Kano,0,0
2024,9-12,Katsina,0,0
2024,9-12,Kebbi,0,0
2024,9-12,Kogi,0,0
2024,9-12,Kwara,0,0
2024,9-12,Lagos,0,0
2024,9-12,Nasarawa,0,0
2024,9-12,Niger,0,0
2024,9-12,Ogun,0,0
2024,9-12,Ondo,0,0
2024,9-12,Osun,0,0
2024,9-12,Oyo,0,0
2024,9-12,Plateau,0,0
2024,9-12,Rivers,0,0
2024,9-12,Sokoto,0,0
2024,9-12,Taraba,0,0
2024,9-12,Yobe,0,0
2024,9-12,Zamfara,0,0
2024,9-12,FCT,0,0
2022,21,Abia,0,0
2022,21,Adamawa,0,0
2022,21,Akwa Ibom,0,0
2022,21,Anambra,0,0
2022,21,Bauchi,0,0
2022,21,Bayelsa,0,0
2022,21,Benue,0,0
2022,21,Borno,0,0
2022,21,Cross River,0,0
2022,21,Delta,0,0
2022,21,Ebonyi,0,0
2022,21,Edo,0,0
2022,21,Ekiti,0,0
2022,21,Enugu,0,0
2022,21,Gombe,0,0
2022,21,Imo,0,0
2022,21,Jigawa,0,0
2022,21,Kaduna,0,0
2022,21,Kano,0,0
2022,21,Katsina,0,0
2022,21,Kebbi,0,0
2022,21,Kogi,0,0
2022,21,Kwara,0,0
2022,21,Lagos,0,0
2022,21,Nasarawa,0,0
2022,21,Niger,0,0
2022,21,Ogun,0,0
2022,21,Ondo,0,0
2022,21,Osun,0,0
2022,21,Oyo,0,0
2022,21,Plateau,0,0
2022,21,Rivers,0,0
2022,21,Sokoto,0,0
2022,21,Taraba,0,0
2022,21,Yobe,0,0
2022,21,Zamfara,0,0
2022,21,FCT,0,0
2022,30,JULY,31,2022
2022,30,Total confirmed cases in Epi Week,30,2022
2022,30,Abia,0,0
2022,30,Adamawa,0,0
2022,30,Akwa Ibom,0,0
2022,30,Anambra,0,0
2022,30,Bauchi,0,0
2022,30,Bayelsa,0,0
2022,30,Benue,0,0
2022,30,Borno,0,0
2022,30,Cross River,0,0
2022,30,Delta,0,0
2022,30,Ebonyi,0,0
2022,30,Edo,0,0
2022,30,Ekiti,0,0
2022,30,Enugu,0,0
2022,30,Gombe,0,0
2022,30,Imo,0,0
2022,30,Jigawa,0,0
2022,30,Kaduna,0,0
2022,30,Kano,0,0
2022,30,Katsina,0,0
2022,30,Kebbi,0,0
2022,30,Kogi,0,0
2022,30,Kwara,0,0
2022,30,Lagos,0,0
2022,30,Nasarawa,0,0
2022,30,Niger,0,0
2022,30,Ogun,0,0
2022,30,Ondo,0,0
2022,30,Osun,0,0
2022,30,Oyo,0,0
2022,30,Plateau,0,0
2022,30,Rivers,0,0
2022,30,Sokoto,0,0
2022,30,Taraba,0,0
2022,30,Yobe,0,0
2022,30,Zamfara,0,0
2022,30,FCT,0,0
2023,39,Abia,0,0
2023,39,Adamawa,0,0
2023,39,Akwa Ibom,0,0
2023,39,Anambra,0,0
2023,39,Bauchi,0,0
2023,39,Bayelsa,0,0
2023,39,Benue,0,0
2023,39,Borno,0,0
2023,39,Cross River,0,0
2023,39,Delta,3,0
2023,39,Ebonyi,0,0
2023,39,Edo,0,0
2023,39,Ekiti,0,0
2023,39,Enugu,0,0
2023,39,Gombe,0,0
2023,39,Imo,1,0
2023,39,Jigawa,0,0
2023,39,Kaduna,0,0
2023,39,Kano,0,0
2023,39,Katsina,0,0
2023,39,Kebbi,0,0
2023,39,Kogi,0,0
2023,39,Kwara,0,0
2023,39,Lagos,1,0
2023,39,Nasarawa,0,0
2023,39,Niger,0,0
2023,39,Ogun,2,0
2023,39,Ondo,0,0
2023,39,Osun,0,0
2023,39,Oyo,1,0
2023,39,Plateau,0,0
2023,39,Rivers,0,0
2023,39,Sokoto,0,0
2023,39,Taraba,0,0
2023,39,Yobe,0,0
2023,39,Zamfara,0,0
2023,39,FCT,0,0
2023,52,Abia,0,0
2023,52,Adamawa,0,0
2023,52,Akwa Ibom,0,0
2023,52,Anambra,0,0
2023,52,Bauchi,0,0
2023,52,Bayelsa,1,0
2023,52,Benue,0,0
2023,52,Borno,0,0
2023,52,Cross River,0,0
2023,52,Delta,0,0
2023,52,Ebonyi,0,0
2023,52,Edo,0,0
2023,52,Ekiti,1,0
2023,52,Enugu,0,0
2023,52,Gombe,0,0
2023,52,Imo,0,0
2023,52,Jigawa,0,0
2023,52,Kaduna,0,0
2023,52,Kano,0,0
2023,52,Katsina,0,0
2023,52,Kebbi,0,0
2023,52,Kogi,0,0
2023,52,Kwara,0,0
2023,52,Lagos,0,0
2023,52,Nasarawa,0,0
2023,52,Niger,0,0
2023,52,Ogun,1,0
2023,52,Ondo,0,0
2023,52,Osun,0,0
2023,52,Oyo,0,0
2023,52,Plateau,0,0
2023,52,Rivers,0,0
2023,52,Sokoto,0,0
2023,52,Taraba,0,0
2023,52,Yobe,0,0
2023,52,Zamfara,0,0
2023,52,FCT,0,0
2022,04,January,31,2022
2022,04,Abia,0,0
2022,04,Adamawa,0,0
2022,04,Akwa Ibom,0,0
2022,04,Anambra,0,0
2022,04,Bauchi,0,0
2022,04,Bayelsa,0,0
2022,04,Benue,0,0
2022,04,Borno,0,0
2022,04,Cross River,0,0
2022,04,Delta,0,0
2022,04,Ebonyi,0,0
2022,04,Edo,0,0
2022,04,Ekiti,0,0
2022,04,Enugu,0,0
2022,04,Gombe,0,0
2022,04,Imo,0,0
2022,04,Jigawa,0,0
2022,04,Kaduna,0,0
2022,04,Kano,0,0
2022,04,Katsina,0,0
2022,04,Kebbi,0,0
2022,04,Kogi,0,0
2022,04,Kwara,0,0
2022,04,Lagos,0,0
2022,04,Nasarawa,0,0
2022,04,Niger,0,0
2022,04,Ogun,0,0
2022,04,Ondo,0,0
2022,04,Osun,0,0
2022,04,Oyo,0,0
2022,04,Plateau,0,0
2022,04,Rivers,0,0
2022,04,Sokoto,0,0
2022,04,Taraba,0,0
2022,04,Yobe,0,0
2022,04,Zamfara,0,0
2022,04,FCT,0,0
2024,5-8,Abia,0,0
2024,5-8,Adamawa,0,0
2024,5-8,Akwa Ibom,0,0
2024,5-8,Anambra,0,0
2024,5-8,Bauchi,0,0
2024,5-8,Bayelsa,0,0
2024,5-8,Benue,0,0
2024,5-8,Borno,0,0
2024,5-8,Cross River,0,0
2024,5-8,Delta,0,0
2024,5-8,Ebonyi,0,0
2024,5-8,Edo,0,0
2024,5-8,Ekiti,0,0
2024,5-8,Enugu,0,0
2024,5-8,Gombe,0,0
2024,5-8,Imo,0,0
2024,5-8,Jigawa,0,0
2024,5-8,Kaduna,0,0
2024,5-8,Kano,0,0
2024,5-8,Katsina,0,0
2024,5-8,Kebbi,0,0
2024,5-8,Kogi,0,0
2024,5-8,Kwara,0,0
2024,5-8,Lagos,0,0
2024,5-8,Nasarawa,0,0
2024,5-8,Niger,0,0
2024,5-8,Ogun,0,0
2024,5-8,Ondo,0,0
2024,5-8,Osun,0,0
2024,5-8,Oyo,0,0
2024,5-8,Plateau,0,0
2024,5-8,Rivers,0,0
2024,5-8,Sokoto,0,0
2024,5-8,Taraba,0,0
2024,5-8,Yobe,0,0
2024,5-8,Zamfara,0,0
2024,5-8,FCT,0,0
2023,26,Abia,0,0
2023,26,Adamawa,0,0
2023,26,Akwa Ibom,0,0
2023,26,Anambra,0,0
2023,26,Bauchi,0,0
2023,26,Bayelsa,0,0
2023,26,Benue,0,0
2023,26,Borno,0,0
2023,26,Cross River,0,0
2023,26,Delta,0,0
2023,26,Ebonyi,0,0
2023,26,Edo,0,0
2023,26,Ekiti,0,0
2023,26,Enugu,0,0
2023,26,Gombe,2,0
2023,26,Imo,0,0
2023,26,Jigawa,0,0
2023,26,Kaduna,0,0
2023,26,Kano,0,0
2023,26,Katsina,0,0
2023,26,Kebbi,0,0
2023,26,Kogi,0,0
2023,26,Kwara,0,0
2023,26,Lagos,2,0
2023,26,Nasarawa,0,0
2023,26,Niger,0,0
2023,26,Ogun,1,0
2023,26,Ondo,0,0
2023,26,Osun,0,0
2023,26,Oyo,0,0
2023,26,Plateau,0,0
2023,26,Rivers,0,0
2023,26,Sokoto,0,0
2023,26,Taraba,1,0
2023,26,Yobe,0,0
2023,26,Zamfara,0,0
2023,26,FCT,0,0
2024,34,Abia,0,0
2024,34,Adamawa,0,0
2024,34,Akwa Ibom,0,0
2024,34,Anambra,0,0
2024,34,Bauchi,0,0
2024,34,Bayelsa,0,0
2024,34,Benue,0,0
2024,34,Borno,0,0
2024,34,Cross River,0,0
2024,34,Delta,0,0
2024,34,Ebonyi,0,0
2024,34,Edo,0,0
2024,34,Ekiti,0,0
2024,34,Enugu,0,0
2024,34,Gombe,0,0
2024,34,Imo,0,0
2024,34,Jigawa,0,0
2024,34,Kaduna,0,0
2024,34,Kano,0,0
2024,34,Katsina,0,0
2024,34,Kebbi,0,0
2024,34,Kogi,0,0
2024,34,Kwara,0,0
2024,34,Lagos,0,0
2024,34,Nasarawa,0,0
2024,34,Niger,0,0
2024,34,Ogun,0,0
2024,34,Ondo,0,0
2024,34,Osun,0,0
2024,34,Oyo,0,0
2024,34,Plateau,0,0
2024,34,Rivers,0,0
2024,34,Sokoto,0,0
2024,34,Taraba,0,0
2024,34,Yobe,0,0
2024,34,Zamfara,0,0
2024,34,FCT,0,0
2022,39,Total confirmed cases in Epi Week,39,2022
2022,39,Abia,0,0
2022,39,Adamawa,0,0
2022,39,Akwa Ibom,0,0
2022,39,Anambra,0,0
2022,39,Bauchi,0,0
2022,39,Bayelsa,0,0
2022,39,Benue,0,0
2022,39,Borno,0,0
2022,39,Cross River,0,0
2022,39,Delta,0,0
2022,39,Ebonyi,0,0
2022,39,Edo,0,0
2022,39,Ekiti,0,0
2022,39,Enugu,0,0
2022,39,Gombe,0,0
2022,39,Imo,0,0
2022,39,Jigawa,0,0
2022,39,Kaduna,0,0
2022,39,Kano,0,0
2022,39,Katsina,0,0
2022,39,Kebbi,0,0
2022,39,Kogi,0,0
2022,39,Kwara,0,0
2022,39,Lagos,0,0
2022,39,Nasarawa,0,0
2022,39,Niger,0,0
2022,39,Ogun,0,0
2022,39,Ondo,0,0
2022,39,Osun,0,0
2022,39,Oyo,0,0
2022,39,Plateau,0,0
2022,39,Rivers,0,0
2022,39,Sokoto,0,0
2022,39,Taraba,0,0
2022,39,Yobe,0,0
2022,39,Zamfara,0,0
2022,39,FCT,0,0
2021,43,Abia,0,0
2021,43,Adamawa,0,0
2021,43,Akwa Ibom,0,0
2021,43,Anambra,0,0
2021,43,Bauchi,0,0
2021,43,Bayelsa,0,0
2021,43,Benue,0,0
2021,43,Borno,0,0
2021,43,Cross River,0,0
2021,43,Delta,0,0
2021,43,Ebonyi,0,0
2021,43,Edo,0,0
2021,43,Ekiti,0,0
2021,43,Enugu,0,0
2021,43,Gombe,0,0
2021,43,Imo,0,0
2021,43,Jigawa,0,0
2021,43,Kaduna,0,0
2021,43,Kano,0,0
2021,43,Katsina,0,0
2021,43,Kebbi,0,0
2021,43,Kogi,0,0
2021,43,Kwara,0,0
2021,43,Lagos,0,0
2021,43,Nasarawa,0,0
2021,43,Niger,0,0
2021,43,Ogun,0,0
2021,43,Ondo,0,0
2021,43,Osun,0,0
2021,43,Oyo,0,0
2021,43,Plateau,0,0
2021,43,Rivers,0,0
2021,43,Sokoto,0,0
2021,43,Taraba,0,0
2021,43,Yobe,0,0
2021,43,Zamfara,0,0
2021,43,FCT,0,0
2017,36,Abia,0,0
2017,36,Adamawa,0,0
2017,36,Akwa Ibom,0,0
2017,36,Anambra,0,0
2017,36,Bauchi,0,0
2017,36,Bayelsa,0,0
2017,36,Benue,0,0
2017,36,Borno,0,0
2017,36,Cross River,0,0
2017,36,Delta,0,0
2017,36,Ebonyi,0,0
2017,36,Edo,0,0
2017,36,Ekiti,0,0
2017,36,Enugu,0,0
2017,36,Gombe,0,0
2017,36,Imo,0,0
2017,36,Jigawa,0,0
2017,36,Kaduna,0,0
2017,36,Kano,0,0
2017,36,Katsina,0,0
2017,36,Kebbi,0,0
2017,36,Kogi,0,0
2017,36,Kwara,0,0
2017,36,Lagos,0,0
2017,36,Nasarawa,0,0
2017,36,Niger,0,0
2017,36,Ogun,0,0
2017,36,Ondo,0,0
2017,36,Osun,0,0
2017,36,Oyo,0,0
2017,36,Plateau,0,0
2017,36,Rivers,0,0
2017,36,Sokoto,0,0
2017,36,Taraba,0,0
2017,36,Yobe,0,0
2017,36,Zamfara,0,0
2017,36,FCT,0,0
2022,52,January,1,2023
2022,52,Abia,0,0
2022,52,Adamawa,0,0
2022,52,Akwa Ibom,0,0
2022,52,Anambra,0,0
2022,52,Bauchi,0,0
2022,52,Bayelsa,0,0
2022,52,Benue,0,0
2022,52,Borno,0,0
2022,52,Cross River,0,0
2022,52,Delta,0,0
2022,52,Ebonyi,0,0
2022,52,Edo,0,0
2022,52,Ekiti,0,0
2022,52,Enugu,0,0
2022,52,Gombe,0,0
2022,52,Imo,0,0
2022,52,Jigawa,0,0
2022,52,Kaduna,0,0
2022,52,Kano,0,0
2022,52,Katsina,0,0
2022,52,Kebbi,0,0
2022,52,Kogi,0,0
2022,52,Kwara,0,0
2022,52,Lagos,0,0
2022,52,Nasarawa,0,0
2022,52,Niger,0,0
2022,52,Ogun,0,0
2022,52,Ondo,0,0
2022,52,Osun,0,0
2022,52,Oyo,0,0
2022,52,Plateau,0,0
2022,52,Rivers,0,0
2022,52,Sokoto,0,0
2022,52,Taraba,0,0
2022,52,Yobe,0,0
2022,52,Zamfara,0,0
2022,52,FCT,0,0
2023,9,Abia,0,0
2023,9,Adamawa,0,0
2023,9,Akwa Ibom,0,0
2023,9,Anambra,0,0
2023,9,Bauchi,0,0
2023,9,Bayelsa,0,0
2023,9,Benue,0,0
2023,9,Borno,0,0
2023,9,Cross River,0,0
2023,9,Delta,0,0
2023,9,Ebonyi,0,0
2023,9,Edo,0,0
2023,9,Ekiti,0,0
2023,9,Enugu,0,0
2023,9,Gombe,0,0
2023,9,Imo,0,0
2023,9,Jigawa,0,0
2023,9,Kaduna,4,0
2023,9,Kano,0,0
2023,9,Katsina,0,0
2023,9,Kebbi,0,0
2023,9,Kogi,0,0
2023,9,Kwara,0,0
2023,9,Lagos,0,0
2023,9,Nasarawa,0,0
2023,9,Niger,0,0
2023,9,Ogun,0,0
2023,9,Ondo,0,0
2023,9,Osun,0,0
2023,9,Oyo,0,0
2023,9,Plateau,8,0
2023,9,Rivers,2,0
2023,9,Sokoto,0,0
2023,9,Taraba,0,0
2023,9,Yobe,0,0
2023,9,Zamfara,0,0
2023,9,FCT,0,0
2023,13,Abia,0,0
2023,13,Adamawa,0,0
2023,13,Akwa Ibom,0,0
2023,13,Anambra,0,0
2023,13,Bauchi,0,0
2023,13,Bayelsa,0,0
2023,13,Benue,0,0
2023,13,Borno,0,0
2023,13,Cross River,0,0
2023,13,Delta,0,0
2023,13,Ebonyi,0,0
2023,13,Edo,0,0
2023,13,Ekiti,0,0
2023,13,Enugu,0,0
2023,13,Gombe,0,0
2023,13,Imo,0,0
2023,13,Jigawa,0,0
2023,13,Kaduna,0,0
2023,13,Kano,0,0
2023,13,Katsina,0,0
2023,13,Kebbi,0,0
2023,13,Kogi,0,0
2023,13,Kwara,0,0
2023,13,Lagos,4,0
2023,13,Nasarawa,0,0
2023,13,Niger,0,0
2023,13,Ogun,0,0
2023,13,Ondo,3,0
2023,13,Osun,0,0
2023,13,Oyo,3,0
2023,13,Plateau,0,0
2023,13,Rivers,0,0
2023,13,Sokoto,0,0
2023,13,Taraba,0,0
2023,13,Yobe,0,0
2023,13,Zamfara,0,0
2023,13,FCT,5,0
2022,17,Abia,0,0
2022,17,Adamawa,0,0
2022,17,Akwa Ibom,0,0
2022,17,Anambra,0,0
2022,17,Bauchi,0,0
2022,17,Bayelsa,0,0
2022,17,Benue,0,0
2022,17,Borno,0,0
2022,17,Cross River,0,0
2022,17,Delta,0,0
2022,17,Ebonyi,0,0
2022,17,Edo,0,0
2022,17,Ekiti,0,0
2022,17,Enugu,0,0
2022,17,Gombe,0,0
2022,17,Imo,0,0
2022,17,Jigawa,0,0
2022,17,Kaduna,0,0
2022,17,Kano,0,0
2022,17,Katsina,0,0
2022,17,Kebbi,0,0
2022,17,Kogi,0,0
2022,17,Kwara,0,0
2022,17,Lagos,0,0
2022,17,Nasarawa,0,0
2022,17,Niger,0,0
2022,17,Ogun,0,0
2022,17,Ondo,0,0
2022,17,Osun,0,0
2022,17,Oyo,0,0
2022,17,Plateau,0,0
2022,17,Rivers,0,0
2022,17,Sokoto,0,0
2022,17,Taraba,0,0
2022,17,Yobe,0,0
2022,17,Zamfara,0,0
2022,17,FCT,0,0
2022,26,July,3,2022
2022,26,Total confirmed cases in Epi Week,26,2022
2022,26,Abia,0,0
2022,26,Adamawa,0,0
2022,26,Akwa Ibom,0,0
2022,26,Anambra,0,0
2022,26,Bauchi,0,0
2022,26,Bayelsa,0,0
2022,26,Benue,0,0
2022,26,Borno,0,0
2022,26,Cross River,0,0
2022,26,Delta,0,0
2022,26,Ebonyi,0,0
2022,26,Edo,0,0
2022,26,Ekiti,0,0
2022,26,Enugu,0,0
2022,26,Gombe,0,0
2022,26,Imo,0,0
2022,26,Jigawa,0,0
2022,26,Kaduna,0,0
2022,26,Kano,0,0
2022,26,Katsina,0,0
2022,26,Kebbi,0,0
2022,26,Kogi,0,0
2022,26,Kwara,0,0
2022,26,Lagos,0,0
2022,26,Nasarawa,0,0
2022,26,Niger,0,0
2022,26,Ogun,0,0
2022,26,Ondo,0,0
2022,26,Osun,0,0
2022,26,Oyo,0,0
2022,26,Plateau,0,0
2022,26,Rivers,0,0
2022,26,Sokoto,0,0
2022,26,Taraba,0,0
2022,26,Yobe,0,0
2022,26,Zamfara,0,0
2022,26,FCT,0,0
2017,30,Abia,0,0
2017,30,Adamawa,0,0
2017,30,Akwa Ibom,0,0
2017,30,Anambra,0,0
2017,30,Bauchi,0,0
2017,30,Bayelsa,0,0
2017,30,Benue,0,0
2017,30,Borno,0,0
2017,30,Cross River,0,0
2017,30,Delta,0,0
2017,30,Ebonyi,0,0
2017,30,Edo,0,0
2017,30,Ekiti,0,0
2017,30,Enugu,0,0
2017,30,Gombe,0,0
2017,30,Imo,0,0
2017,30,Jigawa,0,0
2017,30,Kaduna,0,0
2017,30,Kano,0,0
2017,30,Katsina,0,0
2017,30,Kebbi,0,0
2017,30,Kogi,0,0
2017,30,Kwara,0,0
2017,30,Lagos,0,0
2017,30,Nasarawa,0,0
2017,30,Niger,0,0
2017,30,Ogun,0,0
2017,30,Ondo,0,0
2017,30,Osun,0,0
2017,30,Oyo,0,0
2017,30,Plateau,0,0
2017,30,Rivers,0,0
2017,30,Sokoto,0,0
2017,30,Taraba,0,0
2017,30,Yobe,0,0
2017,30,Zamfara,0,0
2017,30,FCT,0,0
2023,48,Abia,0,0
2023,48,Adamawa,0,0
2023,48,Akwa Ibom,0,0
2023,48,Anambra,0,0
2023,48,Bauchi,0,0
2023,48,Bayelsa,1,0
2023,48,Benue,0,0
2023,48,Borno,0,0
2023,48,Cross River,0,0
2023,48,Delta,0,0
2023,48,Ebonyi,0,0
2023,48,Edo,0,0
2023,48,Ekiti,1,0
2023,48,Enugu,0,0
2023,48,Gombe,0,0
2023,48,Imo,0,0
2023,48,Jigawa,0,0
2023,48,Kaduna,0,0
2023,48,Kano,0,0
2023,48,Katsina,0,0
2023,48,Kebbi,0,0
2023,48,Kogi,0,0
2023,48,Kwara,0,0
2023,48,Lagos,9,0
2023,48,Nasarawa,0,0
2023,48,Niger,0,0
2023,48,Ogun,4,0
2023,48,Ondo,0,0
2023,48,Osun,0,0
2023,48,Oyo,0,0
2023,48,Plateau,0,0
2023,48,Rivers,0,0
2023,48,Sokoto,0,0
2023,48,Taraba,0,0
2023,48,Yobe,0,0
2023,48,Zamfara,0,0
2023,48,FCT,0,0
2023,35,Abia,0,0
2023,35,Adamawa,0,0
2023,35,Akwa Ibom,0,0
2023,35,Anambra,0,0
2023,35,Bauchi,0,0
2023,35,Bayelsa,1,0
2023,35,Benue,0,0
2023,35,Borno,0,0
2023,35,Cross River,0,0
2023,35,Delta,1,0
2023,35,Ebonyi,0,0
2023,35,Edo,0,0
2023,35,Ekiti,0,0
2023,35,Enugu,0,0
2023,35,Gombe,0,0
2023,35,Imo,0,0
2023,35,Jigawa,0,0
2023,35,Kaduna,0,0
2023,35,Kano,0,0
2023,35,Katsina,0,0
2023,35,Kebbi,0,0
2023,35,Kogi,0,0
2023,35,Kwara,0,0
2023,35,Lagos,0,0
2023,35,Nasarawa,0,0
2023,35,Niger,0,0
2023,35,Ogun,6,0
2023,35,Ondo,0,0
2023,35,Osun,0,0
2023,35,Oyo,1,0
2023,35,Plateau,0,0
2023,35,Rivers,0,0
2023,35,Sokoto,0,0
2023,35,Taraba,0,0
2023,35,Yobe,0,0
2023,35,Zamfara,0,0
2023,35,FCT,0,0
2022,48,Total confirmed cases in Epi Week,48,2022
2022,48,Abia,0,0
2022,48,Adamawa,0,0
2022,48,Akwa Ibom,0,0
2022,48,Anambra,0,0
2022,48,Bauchi,0,0
2022,48,Bayelsa,0,0
2022,48,Benue,0,0
2022,48,Borno,0,0
2022,48,Cross River,0,0
2022,48,Delta,0,0
2022,48,Ebonyi,0,0
2022,48,Edo,0,0
2022,48,Ekiti,0,0
2022,48,Enugu,0,0
2022,48,Gombe,0,0
2022,48,Imo,0,0
2022,48,Jigawa,0,0
2022,48,Kaduna,0,0
2022,48,Kano,0,0
2022,48,Katsina,0,0
2022,48,Kebbi,0,0
2022,48,Kogi,0,0
2022,48,Kwara,0,0
2022,48,Lagos,0,0
2022,48,Nasarawa,0,0
2022,48,Niger,0,0
2022,48,Ogun,0,0
2022,48,Ondo,0,0
2022,48,Osun,0,0
2022,48,Oyo,0,0
2022,48,Plateau,0,0
2022,48,Rivers,0,0
2022,48,Sokoto,0,0
2022,48,Taraba,0,0
2022,48,Yobe,0,0
2022,48,Zamfara,0,0
2022,48,FCT,0,0
2017,04,Abia,0,0
2017,04,Adamawa,0,0
2017,04,Akwa Ibom,0,0
2017,04,Anambra,0,0
2017,04,Bauchi,0,0
2017,04,Bayelsa,0,0
2017,04,Benue,0,0
2017,04,Borno,0,0
2017,04,Cross River,0,0
2017,04,Delta,0,0
2017,04,Ebonyi,0,0
2017,04,Edo,0,0
2017,04,Ekiti,0,0
2017,04,Enugu,0,0
2017,04,Gombe,0,0
2017,04,Imo,0,0
2017,04,Jigawa,0,0
2017,04,Kaduna,0,0
2017,04,Kano,0,0
2017,04,Katsina,0,0
2017,04,Kebbi,0,0
2017,04,Kogi,0,0
2017,04,Kwara,0,0
2017,04,Lagos,0,0
2017,04,Nasarawa,0,0
2017,04,Niger,0,0
2017,04,Ogun,0,0
2017,04,Ondo,0,0
2017,04,Osun,0,0
2017,04,Oyo,0,0
2017,04,Plateau,0,0
2017,04,Rivers,0,0
2017,04,Sokoto,0,0
2017,04,Taraba,0,0
2017,04,Yobe,0,0
2017,04,Zamfara,0,0
2017,04,FCT,0,0
2024,1-4,January,28,2024
2024,1-4,Abia,0,0
2024,1-4,Adamawa,0,0
2024,1-4,Akwa Ibom,0,0
2024,1-4,Anambra,0,0
2024,1-4,Bauchi,0,0
2024,1-4,Bayelsa,0,0
2024,1-4,Benue,0,0
2024,1-4,Borno,0,0
2024,1-4,Cross River,0,0
2024,1-4,Delta,0,0
2024,1-4,Ebonyi,0,0
2024,1-4,Edo,0,0
2024,1-4,Ekiti,0,0
2024,1-4,Enugu,0,0
2024,1-4,Gombe,0,0
2024,1-4,Imo,0,0
2024,1-4,Jigawa,0,0
2024,1-4,Kaduna,0,0
2024,1-4,Kano,0,0
2024,1-4,Katsina,0,0
2024,1-4,Kebbi,0,0
2024,1-4,Kogi,0,0
2024,1-4,Kwara,0,0
2024,1-4,Lagos,0,0
2024,1-4,Nasarawa,0,0
2024,1-4,Niger,0,0
2024,1-4,Ogun,0,0
2024,1-4,Ondo,0,0
2024,1-4,Osun,0,0
2024,1-4,Oyo,0,0
2024,1-4,Plateau,0,0
2024,1-4,Rivers,0,0
2024,1-4,Sokoto,0,0
2024,1-4,Taraba,0,0
2024,1-4,Yobe,0,0
2024,1-4,Zamfara,0,0
2024,1-4,FCT,0,0
2018,36,Abia,0,0
2018,36,Adamawa,0,0
2018,36,Akwa Ibom,0,0
2018,36,Anambra,0,0
2018,36,Bauchi,0,0
2018,36,Bayelsa,0,0
2018,36,Benue,0,0
2018,36,Borno,0,0
2018,36,Cross River,0,0
2018,36,Delta,0,0
2018,36,Ebonyi,0,0
2018,36,Edo,0,0
2018,36,Ekiti,0,0
2018,36,Enugu,0,0
2018,36,Gombe,0,0
2018,36,Imo,0,0
2018,36,Jigawa,0,0
2018,36,Kaduna,0,0
2018,36,Kano,0,0
2018,36,Katsina,0,0
2018,36,Kebbi,0,0
2018,36,Kogi,0,0
2018,36,Kwara,0,0
2018,36,Lagos,0,0
2018,36,Nasarawa,0,0
2018,36,Niger,0,0
2018,36,Ogun,0,0
2018,36,Ondo,0,0
2018,36,Osun,0,0
2018,36,Oyo,0,0
2018,36,Plateau,0,0
2018,36,Rivers,0,0
2018,36,Sokoto,0,0
2018,36,Taraba,0,0
2018,36,Yobe,0,0
2018,36,Zamfara,0,0
2018,36,FCT,0,0
2021,26,June,30,2021
2021,26,Abia,0,0
2021,26,Adamawa,0,0
2021,26,Akwa Ibom,0,0
2021,26,Anambra,0,0
2021,26,Bauchi,0,0
2021,26,Bayelsa,0,0
2021,26,Benue,0,0
2021,26,Borno,0,0
2021,26,Cross River,0,0
2021,26,Delta,0,0
2021,26,Ebonyi,0,0
2021,26,Edo,0,0
2021,26,Ekiti,0,0
2021,26,Enugu,0,0
2021,26,Gombe,0,0
2021,26,Imo,0,0
2021,26,Jigawa,0,0
2021,26,Kaduna,0,0
2021,26,Kano,0,0
2021,26,Katsina,0,0
2021,26,Kebbi,0,0
2021,26,Kogi,0,0
2021,26,Kwara,0,0
2021,26,Lagos,0,0
2021,26,Nasarawa,0,0
2021,26,Niger,0,0
2021,26,Ogun,0,0
2021,26,Ondo,0,0
2021,26,Osun,0,0
2021,26,Oyo,0,0
2021,26,Plateau,0,0
2021,26,Rivers,0,0
2021,26,Sokoto,0,0
2021,26,Taraba,0,0
2021,26,Yobe,0,0
2021,26,Zamfara,0,0
2021,26,FCT,0,0
2022,35,Total confirmed cases in Epi Week,35,2022
2022,35,Abia,0,0
2022,35,Adamawa,0,0
2022,35,Akwa Ibom,0,0
2022,35,Anambra,0,0
2022,35,Bauchi,0,0
2022,35,Bayelsa,0,0
2022,35,Benue,0,0
2022,35,Borno,0,0
2022,35,Cross River,0,0
2022,35,Delta,0,0
2022,35,Ebonyi,0,0
2022,35,Edo,0,0
2022,35,Ekiti,0,0
2022,35,Enugu,0,0
2022,35,Gombe,0,0
2022,35,Imo,0,0
2022,35,Jigawa,0,0
2022,35,Kaduna,0,0
2022,35,Kano,0,0
2022,35,Katsina,0,0
2022,35,Kebbi,0,0
2022,35,Kogi,0,0
2022,35,Kwara,0,0
2022,35,Lagos,0,0
2022,35,Nasarawa,0,0
2022,35,Niger,0,0
2022,35,Ogun,0,0
2022,35,Ondo,0,0
2022,35,Osun,0,0
2022,35,Oyo,0,0
2022,35,Plateau,0,0
2022,35,Rivers,0,0
2022,35,Sokoto,0,0
2022,35,Taraba,0,0
2022,35,Yobe,0,0
2022,35,Zamfara,0,0
2022,35,FCT,0,0
2021,52,Abia,0,0
2021,52,Adamawa,0,0
2021,52,Akwa Ibom,0,0
2021,52,Anambra,0,0
2021,52,Bauchi,0,0
2021,52,Bayelsa,0,0
2021,52,Benue,0,0
2021,52,Borno,0,0
2021,52,Cross River,0,0
2021,52,Delta,0,0
2021,52,Ebonyi,0,0
2021,52,Edo,0,0
2021,52,Ekiti,0,0
2021,52,Enugu,0,0
2021,52,Gombe,0,0
2021,52,Imo,0,0
2021,52,Jigawa,0,0
2021,52,Kaduna,0,0
2021,52,Kano,0,0
2021,52,Katsina,0,0
2021,52,Kebbi,0,0
2021,52,Kogi,0,0
2021,52,Kwara,0,0
2021,52,Lagos,0,0
2021,52,Nasarawa,0,0
2021,52,Niger,0,0
2021,52,Ogun,0,0
2021,52,Ondo,0,0
2021,52,Osun,0,0
2021,52,Oyo,0,0
2021,52,Plateau,0,0
2021,52,Rivers,0,0
2021,52,Sokoto,0,0
2021,52,Taraba,0,0
2021,52,Yobe,0,0
2021,52,Zamfara,0,0
2021,52,FCT,0,0
2023,5,Abia,9,0
2023,5,Adamawa,0,0
2023,5,Akwa Ibom,0,0
2023,5,Anambra,0,0
2023,5,Bauchi,0,0
2023,5,Bayelsa,0,0
2023,5,Benue,0,0
2023,5,Borno,0,0
2023,5,Cross River,0,0
2023,5,Delta,0,0
2023,5,Ebonyi,0,0
2023,5,Edo,0,0
2023,5,Ekiti,0,0
2023,5,Enugu,0,0
2023,5,Gombe,0,0
2023,5,Imo,0,0
2023,5,Jigawa,0,0
2023,5,Kaduna,0,0
2023,5,Kano,0,0
2023,5,Katsina,0,0
2023,5,Kebbi,0,0
2023,5,Kogi,0,0
2023,5,Kwara,0,0
2023,5,Lagos,17,0
2023,5,Nasarawa,0,0
2023,5,Niger,0,0
2023,5,Ogun,12,0
2023,5,Ondo,0,0
2023,5,Osun,0,0
2023,5,Oyo,0,0
2023,5,Plateau,0,0
2023,5,Rivers,0,0
2023,5,Sokoto,0,0
2023,5,Taraba,0,0
2023,5,Yobe,0,0
2023,5,Zamfara,0,0
2023,5,FCT,7,0
2024,39,Abia,0,0
2024,39,Adamawa,0,0
2024,39,Akwa Ibom,0,0
2024,39,Anambra,0,0
2024,39,Bauchi,0,0
2024,39,Bayelsa,0,0
2024,39,Benue,0,0
2024,39,Borno,0,0
2024,39,Cross River,0,0
2024,39,Delta,0,0
2024,39,Ebonyi,0,0
2024,39,Edo,0,0
2024,39,Ekiti,0,0
2024,39,Enugu,0,0
2024,39,Gombe,0,0
2024,39,Imo,0,0
2024,39,Jigawa,0,0
2024,39,Kaduna,0,0
2024,39,Kano,0,0
2024,39,Katsina,0,0
2024,39,Kebbi,0,0
2024,39,Kogi,0,0
2024,39,Kwara,0,0
2024,39,Lagos,0,0
2024,39,Nasarawa,0,0
2024,39,Niger,0,0
2024,39,Ogun,0,0
2024,39,Ondo,0,0
2024,39,Osun,0,0
2024,39,Oyo,0,0
2024,39,Plateau,0,0
2024,39,Rivers,0,0
2024,39,Sokoto,0,0
2024,39,Taraba,0,0
2024,39,Yobe,0,0
2024,39,Zamfara,0,0
2024,39,FCT,0,0
2023,44,Abia,0,0
2023,44,Adamawa,0,0
2023,44,Akwa Ibom,0,0
2023,44,Anambra,0,0
2023,44,Bauchi,0,0
2023,44,Bayelsa,0,0
2023,44,Benue,0,0
2023,44,Borno,0,0
2023,44,Cross River,2,0
2023,44,Delta,0,0
2023,44,Ebonyi,0,0
2023,44,Edo,0,0
2023,44,Ekiti,0,0
2023,44,Enugu,4,0
2023,44,Gombe,4,0
2023,44,Imo,0,0
2023,44,Jigawa,0,0
2023,44,Kaduna,0,0
2023,44,Kano,0,0
2023,44,Katsina,0,0
2023,44,Kebbi,0,0
2023,44,Kogi,0,0
2023,44,Kwara,0,0
2023,44,Lagos,7,0
2023,44,Nasarawa,0,0
2023,44,Niger,0,0
2023,44,Ogun,0,0
2023,44,Ondo,0,0
2023,44,Osun,0,0
2023,44,Oyo,0,0
2023,44,Plateau,0,0
2023,44,Rivers,0,0
2023,44,Sokoto,0,0
2023,44,Taraba,0,0
2023,44,Yobe,0,0
2023,44,Zamfara,0,0
2023,44,FCT,0,0
2023,18,Abia,0,0
2023,18,Adamawa,0,0
2023,18,Akwa Ibom,0,0
2023,18,Anambra,0,0
2023,18,Bauchi,0,0
2023,18,Bayelsa,0,0
2023,18,Benue,0,0
2023,18,Borno,0,0
2023,18,Cross River,0,0
2023,18,Delta,0,0
2023,18,Ebonyi,0,0
2023,18,Edo,0,0
2023,18,Ekiti,0,0
2023,18,Enugu,0,0
2023,18,Gombe,0,0
2023,18,Imo,3,0
2023,18,Jigawa,0,0
2023,18,Kaduna,0,0
2023,18,Kano,0,0
2023,18,Katsina,0,0
2023,18,Kebbi,0,0
2023,18,Kogi,0,0
2023,18,Kwara,0,0
2023,18,Lagos,2,0
2023,18,Nasarawa,0,0
2023,18,Niger,0,0
2023,18,Ogun,7,0
2023,18,Ondo,0,0
2023,18,Osun,0,0
2023,18,Oyo,0,0
2023,18,Plateau,0,0
2023,18,Rivers,0,0
2023,18,Sokoto,0,0
2023,18,Taraba,0,0
2023,18,Yobe,0,0
2023,18,Zamfara,0,0
2023,18,FCT,2,0
2022,22,June,5,2022
2022,22,Total confirmed cases in Epi Week,22,2022
2022,22,Abia,0,0
2022,22,Adamawa,0,0
2022,22,Akwa Ibom,0,0
2022,22,Anambra,0,0
2022,22,Bauchi,0,0
2022,22,Bayelsa,0,0
2022,22,Benue,0,0
2022,22,Borno,0,0
2022,22,Cross River,0,0
2022,22,Delta,0,0
2022,22,Ebonyi,0,0
2022,22,Edo,0,0
2022,22,Ekiti,0,0
2022,22,Enugu,0,0
2022,22,Gombe,0,0
2022,22,Imo,0,0
2022,22,Jigawa,0,0
2022,22,Kaduna,0,0
2022,22,Kano,0,0
2022,22,Katsina,0,0
2022,22,Kebbi,0,0
2022,22,Kogi,0,0
2022,22,Kwara,0,0
2022,22,Lagos,0,0
2022,22,Nasarawa,0,0
2022,22,Niger,0,0
2022,22,Ogun,0,0
2022,22,Ondo,0,0
2022,22,Osun,0,0
2022,22,Oyo,0,0
2022,22,Plateau,0,0
2022,22,Rivers,0,0
2022,22,Sokoto,0,0
2022,22,Taraba,0,0
2022,22,Yobe,0,0
2022,22,Zamfara,0,0
2022,22,FCT,0,0
2023,31,Abia,1,0
2023,31,Adamawa,0,0
2023,31,Akwa Ibom,0,0
2023,31,Anambra,0,0
2023,31,Bauchi,0,0
2023,31,Bayelsa,1,0
2023,31,Benue,0,0
2023,31,Borno,0,0
2023,31,Cross River,0,0
2023,31,Delta,0,0
2023,31,Ebonyi,0,0
2023,31,Edo,0,0
2023,31,Ekiti,0,0
2023,31,Enugu,0,0
2023,31,Gombe,0,0
2023,31,Imo,0,0
2023,31,Jigawa,0,0
2023,31,Kaduna,0,0
2023,31,Kano,0,0
2023,31,Katsina,0,0
2023,31,Kebbi,0,0
2023,31,Kogi,0,0
2023,31,Kwara,0,0
2023,31,Lagos,1,0
2023,31,Nasarawa,0,0
2023,31,Niger,0,0
2023,31,Ogun,5,0
2023,31,Ondo,0,0
2023,31,Osun,0,0
2023,31,Oyo,0,0
2023,31,Plateau,1,0
2023,31,Rivers,0,0
2023,31,Sokoto,0,0
2023,31,Taraba,0,0
2023,31,Yobe,0,0
2023,31,Zamfara,0,0
2023,31,FCT,0,0
2023,40,Abia,0,0
2023,40,Adamawa,0,0
2023,40,Akwa Ibom,0,0
2023,40,Anambra,1,0
2023,40,Bauchi,0,0
2023,40,Bayelsa,0,0
2023,40,Benue,0,0
2023,40,Borno,0,0
2023,40,Cross River,0,0
2023,40,Delta,0,0
2023,40,Ebonyi,0,0
2023,40,Edo,0,0
2023,40,Ekiti,0,0
2023,40,Enugu,0,0
2023,40,Gombe,0,0
2023,40,Imo,0,0
2023,40,Jigawa,0,0
2023,40,Kaduna,0,0
2023,40,Kano,0,0
2023,40,Katsina,0,0
2023,40,Kebbi,0,0
2023,40,Kogi,0,0
2023,40,Kwara,0,0
2023,40,Lagos,4,0
2023,40,Nasarawa,0,0
2023,40,Niger,0,0
2023,40,Ogun,8,0
2023,40,Ondo,0,0
2023,40,Osun,0,0
2023,40,Oyo,0,0
2023,40,Plateau,2,0
2023,40,Rivers,0,0
2023,40,Sokoto,0,0
2023,40,Taraba,0,0
2023,40,Yobe,0,0
2023,40,Zamfara,0,0
2023,40,FCT,0,0
2023,27,Abia,0,0
2023,27,Adamawa,0,0
2023,27,Akwa Ibom,0,0
2023,27,Anambra,0,0
2023,27,Bauchi,0,0
2023,27,Bayelsa,0,0
2023,27,Benue,0,0
2023,27,Borno,0,0
2023,27,Cross River,0,0
2023,27,Delta,0,0
2023,27,Ebonyi,0,0
2023,27,Edo,0,0
2023,27,Ekiti,0,0
2023,27,Enugu,3,0
2023,27,Gombe,0,0
2023,27,Imo,3,0
2023,27,Jigawa,0,0
2023,27,Kaduna,0,0
2023,27,Kano,0,0
2023,27,Katsina,0,0
2023,27,Kebbi,0,0
2023,27,Kogi,0,0
2023,27,Kwara,0,0
2023,27,Lagos,1,0
2023,27,Nasarawa,0,0
2023,27,Niger,0,0
2023,27,Ogun,3,0
2023,27,Ondo,2,0
2023,27,Osun,0,0
2023,27,Oyo,0,0
2023,27,Plateau,0,0
2023,27,Rivers,0,0
2023,27,Sokoto,0,0
2023,27,Taraba,0,0
2023,27,Yobe,0,0
2023,27,Zamfara,0,0
2023,27,FCT,0,0
2024,35,Abia,0,0
2024,35,Adamawa,0,0
2024,35,Akwa Ibom,0,0
2024,35,Anambra,0,0
2024,35,Bauchi,0,0
2024,35,Bayelsa,0,0
2024,35,Benue,0,0
2024,35,Borno,0,0
2024,35,Cross River,0,0
2024,35,Delta,0,0
2024,35,Ebonyi,0,0
2024,35,Edo,0,0
2024,35,Ekiti,0,0
2024,35,Enugu,0,0
2024,35,Gombe,0,0
2024,35,Imo,0,0
2024,35,Jigawa,0,0
2024,35,Kaduna,0,0
2024,35,Kano,0,0
2024,35,Katsina,0,0
2024,35,Kebbi,0,0
2024,35,Kogi,0,0
2024,35,Kwara,0,0
2024,35,Lagos,0,0
2024,35,Nasarawa,0,0
2024,35,Niger,0,0
2024,35,Ogun,0,0
2024,35,Ondo,0,0
2024,35,Osun,0,0
2024,35,Oyo,0,0
2024,35,Plateau,0,0
2024,35,Rivers,0,0
2024,35,Sokoto,0,0
2024,35,Taraba,0,0
2024,35,Yobe,0,0
2024,35,Zamfara,0,0
2024,35,FCT,0,0
2022,40,Total confirmed cases in Epi Week,40,2022
2022,40,Abia,0,0
2022,40,Adamawa,0,0
2022,40,Akwa Ibom,0,0
2022,40,Anambra,0,0
2022,40,Bauchi,0,0
2022,40,Bayelsa,0,0
2022,40,Benue,0,0
2022,40,Borno,0,0
2022,40,Cross River,0,0
2022,40,Delta,0,0
2022,40,Ebonyi,0,0
2022,40,Edo,0,0
2022,40,Ekiti,0,0
2022,40,Enugu,0,0
2022,40,Gombe,0,0
2022,40,Imo,0,0
2022,40,Jigawa,0,0
2022,40,Kaduna,0,0
2022,40,Kano,0,0
2022,40,Katsina,0,0
2022,40,Kebbi,0,0
2022,40,Kogi,0,0
2022,40,Kwara,0,0
2022,40,Lagos,0,0
2022,40,Nasarawa,0,0
2022,40,Niger,0,0
2022,40,Ogun,0,0
2022,40,Ondo,0,0
2022,40,Osun,0,0
2022,40,Oyo,0,0
2022,40,Plateau,0,0
2022,40,Rivers,0,0
2022,40,Sokoto,0,0
2022,40,Taraba,0,0
2022,40,Yobe,0,0
2022,40,Zamfara,0,0
2022,40,FCT,0,0
2023,1,Abia,0,0
2023,1,Adamawa,0,0
2023,1,Akwa Ibom,0,0
2023,1,Anambra,0,0
2023,1,Bauchi,0,0
2023,1,Bayelsa,0,0
2023,1,Benue,0,0
2023,1,Borno,0,0
2023,1,Cross River,0,0
2023,1,Delta,0,0
2023,1,Ebonyi,0,0
2023,1,Edo,0,0
2023,1,Ekiti,0,0
2023,1,Enugu,0,0
2023,1,Gombe,0,0
2023,1,Imo,0,0
2023,1,Jigawa,0,0
2023,1,Kaduna,3,0
2023,1,Kano,0,0
2023,1,Katsina,0,0
2023,1,Kebbi,0,0
2023,1,Kogi,0,0
2023,1,Kwara,0,0
2023,1,Lagos,7,0
2023,1,Nasarawa,2,0
2023,1,Niger,0,0
2023,1,Ogun,0,0
2023,1,Ondo,0,0
2023,1,Osun,0,0
2023,1,Oyo,0,0
2023,1,Plateau,0,0
2023,1,Rivers,0,0
2023,1,Sokoto,0,0
2023,1,Taraba,0,0
2023,1,Yobe,0,0
2023,1,Zamfara,0,0
2023,1,FCT,0,0
2023,14,Abia,2,0
2023,14,Adamawa,0,0
2023,14,Akwa Ibom,0,0
2023,14,Anambra,0,0
2023,14,Bauchi,0,0
2023,14,Bayelsa,0,0
2023,14,Benue,0,0
2023,14,Borno,0,0
2023,14,Cross River,0,0
2023,14,Delta,0,0
2023,14,Ebonyi,0,0
2023,14,Edo,0,0
2023,14,Ekiti,0,0
2023,14,Enugu,0,0
2023,14,Gombe,0,0
2023,14,Imo,0,0
2023,14,Jigawa,0,0
2023,14,Kaduna,0,0
2023,14,Kano,0,0
2023,14,Katsina,0,0
2023,14,Kebbi,0,0
2023,14,Kogi,0,0
2023,14,Kwara,0,0
2023,14,Lagos,0,0
2023,14,Nasarawa,0,0
2023,14,Niger,3,0
2023,14,Ogun,0,0
2023,14,Ondo,6,0
2023,14,Osun,3,0
2023,14,Oyo,0,0
2023,14,Plateau,0,0
2023,14,Rivers,0,0
2023,14,Sokoto,0,0
2023,14,Taraba,0,0
2023,14,Yobe,0,0
2023,14,Zamfara,0,0
2023,14,FCT,0,0
2022,27,JULY,10,2022
2022,27,Total confirmed cases in Epi Week,27,2022
2022,27,Abia,0,0
2022,27,Adamawa,0,0
2022,27,Akwa Ibom,0,0
2022,27,Anambra,0,0
2022,27,Bauchi,0,0
2022,27,Bayelsa,0,0
2022,27,Benue,0,0
2022,27,Borno,0,0
2022,27,Cross River,0,0
2022,27,Delta,0,0
2022,27,Ebonyi,0,0
2022,27,Edo,0,0
2022,27,Ekiti,0,0
2022,27,Enugu,0,0
2022,27,Gombe,0,0
2022,27,Imo,0,0
2022,27,Jigawa,0,0
2022,27,Kaduna,0,0
2022,27,Kano,0,0
2022,27,Katsina,0,0
2022,27,Kebbi,0,0
2022,27,Kogi,0,0
2022,27,Kwara,0,0
2022,27,Lagos,0,0
2022,27,Nasarawa,0,0
2022,27,Niger,0,0
2022,27,Ogun,0,0
2022,27,Ondo,0,0
2022,27,Osun,0,0
2022,27,Oyo,0,0
2022,27,Plateau,0,0
2022,27,Rivers,0,0
2022,27,Sokoto,0,0
2022,27,Taraba,0,0
2022,27,Yobe,0,0
2022,27,Zamfara,0,0
2022,27,FCT,0,0
2019,,Abia,0,0
2019,,Adamawa,0,0
2019,,Akwa Ibom,0,0
2019,,Anambra,0,0
2019,,Bauchi,0,0
2019,,Bayelsa,0,0
2019,,Benue,0,0
2019,,Borno,0,0
2019,,Cross River,0,0
2019,,Delta,0,0
2019,,Ebonyi,0,0
2019,,Edo,0,0
2019,,Ekiti,0,0
2019,,Enugu,0,0
2019,,Gombe,0,0
2019,,Imo,0,0
2019,,Jigawa,0,0
2019,,Kaduna,0,0
2019,,Kano,0,0
2019,,Katsina,0,0
2019,,Kebbi,0,0
2019,,Kogi,0,0
2019,,Kwara,0,0
2019,,Lagos,0,0
2019,,Nasarawa,0,0
2019,,Niger,0,0
2019,,Ogun,0,0
2019,,Ondo,0,0
2019,,Osun,0,0
2019,,Oyo,0,0
2019,,Plateau,0,0
2019,,Rivers,0,0
2019,,Sokoto,0,0
2019,,Taraba,0,0
2019,,Yobe,0,0
2019,,Zamfara,0,0
2019,,FCT,0,0
2019,,Abia,0,0
2019,,Adamawa,0,0
2019,,Akwa Ibom,0,0
2019,,Anambra,0,0
2019,,Bauchi,0,0
2019,,Bayelsa,0,0
2019,,Benue,0,0
2019,,Borno,0,0
2019,,Cross River,0,0
2019,,Delta,0,0
2019,,Ebonyi,0,0
2019,,Edo,0,0
2019,,Ekiti,0,0
2019,,Enugu,0,0
2019,,Gombe,0,0
2019,,Imo,0,0
2019,,Jigawa,0,0
2019,,Kaduna,0,0
2019,,Kano,0,0
2019,,Katsina,0,0
2019,,Kebbi,0,0
2019,,Kogi,0,0
2019,,Kwara,0,0
2019,,Lagos,0,0
2019,,Nasarawa,0,0
2019,,Niger,0,0
2019,,Ogun,0,0
2019,,Ondo,0,0
2019,,Osun,0,0
2019,,Oyo,0,0
2019,,Plateau,0,0
2019,,Rivers,0,0
2019,,Sokoto,0,0
2019,,Taraba,0,0
2019,,Yobe,0,0
2019,,Zamfara,0,0
2019,,FCT,0,0
2023,49,Abia,0,0
2023,49,Adamawa,0,0
2023,49,Akwa Ibom,0,0
2023,49,Anambra,0,0
2023,49,Bauchi,0,0
2023,49,Bayelsa,0,0
2023,49,Benue,0,0
2023,49,Borno,0,0
2023,49,Cross River,0,0
2023,49,Delta,2,0
2023,49,Ebonyi,0,0
2023,49,Edo,0,0
2023,49,Ekiti,3,0
2023,49,Enugu,0,0
2023,49,Gombe,0,0
2023,49,Imo,0,0
2023,49,Jigawa,0,0
2023,49,Kaduna,0,0
2023,49,Kano,0,0
2023,49,Katsina,4,0
2023,49,Kebbi,0,0
2023,49,Kogi,0,0
2023,49,Kwara,0,0
2023,49,Lagos,2,0
2023,49,Nasarawa,0,0
2023,49,Niger,0,0
2023,49,Ogun,9,0
2023,49,Ondo,0,0
2023,49,Osun,0,0
2023,49,Oyo,0,0
2023,49,Plateau,0,0
2023,49,Rivers,0,0
2023,49,Sokoto,0,0
2023,49,Taraba,0,0
2023,49,Yobe,0,0
2023,49,Zamfara,0,0
2023,49,FCT,0,0
2019,,Abia,0,0
2019,,Adamawa,0,0
2019,,Akwa Ibom,0,0
2019,,Anambra,0,0
2019,,Bauchi,0,0
2019,,Bayelsa,0,0
2019,,Benue,0,0
2019,,Borno,0,0
2019,,Cross River,0,0
2019,,Delta,0,0
2019,,Ebonyi,0,0
2019,,Edo,0,0
2019,,Ekiti,0,0
2019,,Enugu,0,0
2019,,Gombe,0,0
2019,,Imo,0,0
2019,,Jigawa,0,0
2019,,Kaduna,0,0
2019,,Kano,0,0
2019,,Katsina,0,0
2019,,Kebbi,0,0
2019,,Kogi,0,0
2019,,Kwara,0,0
2019,,Lagos,0,0
2019,,Nasarawa,0,0
2019,,Niger,0,0
2019,,Ogun,0,0
2019,,Ondo,0,0
2019,,Osun,0,0
2019,,Oyo,0,0
2019,,Plateau,0,0
2019,,Rivers,0,0
2019,,Sokoto,0,0
2019,,Taraba,0,0
2019,,Yobe,0,0
2019,,Zamfara,0,0
2019,,FCT,0,0
2019,,Abia,0,0
2019,,Adamawa,0,0
2019,,Akwa Ibom,0,0
2019,,Anambra,0,0
2019,,Bauchi,0,0
2019,,Bayelsa,0,0
2019,,Benue,0,0
2019,,Borno,0,0
2019,,Cross River,0,0
2019,,Delta,0,0
2019,,Ebonyi,0,0
2019,,Edo,0,0
2019,,Ekiti,0,0
2019,,Enugu,0,0
2019,,Gombe,0,0
2019,,Imo,0,0
2019,,Jigawa,0,0
2019,,Kaduna,0,0
2019,,Kano,0,0
2019,,Katsina,0,0
2019,,Kebbi,0,0
2019,,Kogi,0,0
2019,,Kwara,0,0
2019,,Lagos,0,0
2019,,Nasarawa,0,0
2019,,Niger,0,0
2019,,Ogun,0,0
2019,,Ondo,0,0
2019,,Osun,0,0
2019,,Oyo,0,0
2019,,Plateau,0,0
2019,,Rivers,0,0
2019,,Sokoto,0,0
2019,,Taraba,0,0
2019,,Yobe,0,0
2019,,Zamfara,0,0
2019,,FCT,0,0
2023,36,Abia,0,0
2023,36,Adamawa,0,0
2023,36,Akwa Ibom,0,0
2023,36,Anambra,0,0
2023,36,Bauchi,0,0
2023,36,Bayelsa,0,0
2023,36,Benue,0,0
2023,36,Borno,0,0
2023,36,Cross River,0,0
2023,36,Delta,0,0
2023,36,Ebonyi,2,0
2023,36,Edo,0,0
2023,36,Ekiti,0,0
2023,36,Enugu,0,0
2023,36,Gombe,0,0
2023,36,Imo,0,0
2023,36,Jigawa,0,0
2023,36,Kaduna,0,0
2023,36,Kano,0,0
2023,36,Katsina,0,0
2023,36,Kebbi,0,0
2023,36,Kogi,0,0
2023,36,Kwara,0,0
2023,36,Lagos,2,0
2023,36,Nasarawa,0,0
2023,36,Niger,0,0
2023,36,Ogun,0,0
2023,36,Ondo,0,0
2023,36,Osun,0,0
2023,36,Oyo,1,0
2023,36,Plateau,0,0
2023,36,Rivers,0,0
2023,36,Sokoto,0,0
2023,36,Taraba,1,0
2023,36,Yobe,0,0
2023,36,Zamfara,0,0
2023,36,FCT,0,0
2019,,Abia,0,0
2019,,Adamawa,0,0
2019,,Akwa Ibom,0,0
2019,,Anambra,0,0
2019,,Bauchi,0,0
2019,,Bayelsa,0,0
2019,,Benue,0,0
2019,,Borno,0,0
2019,,Cross River,0,0
2019,,Delta,0,0
2019,,Ebonyi,0,0
2019,,Edo,0,0
2019,,Ekiti,0,0
2019,,Enugu,0,0
2019,,Gombe,0,0
2019,,Imo,0,0
2019,,Jigawa,0,0
2019,,Kaduna,0,0
2019,,Kano,0,0
2019,,Katsina,0,0
2019,,Kebbi,0,0
2019,,Kogi,0,0
2019,,Kwara,0,0
2019,,Lagos,0,0
2019,,Nasarawa,0,0
2019,,Niger,0,0
2019,,Ogun,0,0
2019,,Ondo,0,0
2019,,Osun,0,0
2019,,Oyo,0,0
2019,,Plateau,0,0
2019,,Rivers,0,0
2019,,Sokoto,0,0
2019,,Taraba,0,0
2019,,Yobe,0,0
2019,,Zamfara,0,0
2019,,FCT,0,0
2019,,Abia,0,0
2019,,Adamawa,0,0
2019,,Akwa Ibom,0,0
2019,,Anambra,0,0
2019,,Bauchi,0,0
2019,,Bayelsa,0,0
2019,,Benue,0,0
2019,,Borno,0,0
2019,,Cross River,0,0
2019,,Delta,0,0
2019,,Ebonyi,0,0
2019,,Edo,0,0
2019,,Ekiti,0,0
2019,,Enugu,0,0
2019,,Gombe,0,0
2019,,Imo,0,0
2019,,Jigawa,0,0
2019,,Kaduna,0,0
2019,,Kano,0,0
2019,,Katsina,0,0
2019,,Kebbi,0,0
2019,,Kogi,0,0
2019,,Kwara,0,0
2019,,Lagos,0,0
2019,,Nasarawa,0,0
2019,,Niger,0,0
2019,,Ogun,0,0
2019,,Ondo,0,0
2019,,Osun,0,0
2019,,Oyo,0,0
2019,,Plateau,0,0
2019,,Rivers,0,0
2019,,Sokoto,0,0
2019,,Taraba,0,0
2019,,Yobe,0,0
2019,,Zamfara,0,0
2019,,FCT,0,0
